Consensus Address,Operator Address,Stake Size
cosmosvalcons1nlaveeu4jndxcshnlz9r07935qsaug769qjkst,cosmosvaloper1q9p73lx07tjqc34vs8jrsu5pg3q4ha534uqv4w,112892992
cosmosvalcons17lnejmvgy86cdmauz5gp688qctpxuw07sw8z5q,cosmosvaloper1qtxec3ggeuwnca9mmngw7vf6ctw54cppey02fs,395696925
cosmosvalcons15q7uz2xn3kctchcc4cv89uwt9c0agy2h524xk9,cosmosvaloper1qdxmyqkvt8jsxpn5pp45a38ngs36mn2604cqk9,2490313588
cosmosvalcons1kq9xxgmn0uepav9c6kwxl4yh599kpyu28e7ee6,cosmosvaloper1qwl879nx9t6kef4supyazayf7vjhennyh568ys,263406230088
cosmosvalcons1nm55mwux7u3nwxft72gmpem8l5njnuq274qrz6,cosmosvaloper1qs8tnw2t8l6amtzvdemnnsq9dzk0ag0z52uzay,25827206297
cosmosvalcons1p2a6xmz5m5x2dfus4muk5qw58yhrvdzltw4q4u,cosmosvaloper1q6d3d089hg59x6gcx92uumx70s5y5wadklue8s,1031488318958
cosmosvalcons1w3w0w9fvy8u49a4amtcpe57cd5mtd7dpqzpg6p,cosmosvaloper1qmr8acxu0d9ytase8v9mza6k96y479getstqn2,171501
cosmosvalcons1gk3kk2ccwstmexjg3gv7wx6gh4qhjnmceac446,cosmosvaloper1qa8jpt4kuqq73vgen2w7julkelgursygqx4y69,2999778
cosmosvalcons17ktnf2yk5a5fgd4uxs3zgn7cv2hp38zuw8j35e,cosmosvaloper1qaa9zej9a0ge3ugpx3pxyx602lxh3ztqgfnp42,4665828056459
cosmosvalcons10fqk678xexhu7y2ef89qjtnphnvahzsc30vjap,cosmosvaloper1pz0lfq40sa63n0wany3v95x3yvznc5gyf8u28w,2157215553
cosmosvalcons1pcz3kz9up2645an95vvnrymt0ph4w30hnj8kkt,cosmosvaloper1prvhg36trh0y7dajrlny6h9qhp0cpwh0nl3p7k,1105861
cosmosvalcons1ekmua5s54mkhahv3etzlduqxhc8twarzj2aqgr,cosmosvaloper1pxsmjzan4u833l5s72pzamlurcgk2g5m65xjlj,8000062
cosmosvalcons1rcswqaqrp75nsdk2htkktqwkc34w7er32r52xy,cosmosvaloper1pgsjyvkg3y2m7qas534zzdhsqsxqyph2jh3uck,162058968
cosmosvalcons1d58n20z28sar58ytwa89cgu0uak4ju3e564sct,cosmosvaloper1ptz7xq0fanh4kfvp6fdhevkx90axaq7drwcwjl,36585400
cosmosvalcons1dr6mh6kw7y2vwg82njvtlghlmcqu2n730pfk8a,cosmosvaloper1ptyzewnns2kn37ewtmv6ppsvhdnmeapvtfc9y5,484059868002
cosmosvalcons1da05faha0ngkgtlm3vfzzkaws99phcyv2saznk,cosmosvaloper1ps7dmygt4wm72t8l9kdjetelhggsv8w77mdh33,13920
cosmosvalcons1kq24y5kh8dlwkaxj4rxgzsuhue5hp2petveuva,cosmosvaloper1pjmngrwcsatsuyy8m3qrunaun67sr9x7z5r2qs,183109680915
cosmosvalcons1xwe7qdcykmk6pw8thk8edcss6d35gace0l858s,cosmosvaloper1p42rgfdq500nlt387l4f0vfv5p90dl6ftr8jds,21501266
cosmosvalcons10hp84y4am0mfjmtp6f4spce7wf225qfr3hw2un,cosmosvaloper1pexrxk6s9aznl8ap2g8jr87ktc3a7dd8xf0etj,5159936
cosmosvalcons174t3gfpaxtaktdketg5aqdgw5r9th282zhjnqk,cosmosvaloper1p650epkdwj0jte6sjc3ep0n3wz6jc9ehh8jutg,4861780137
cosmosvalcons1qcyakfwwhsxckjg593wykuu933s35ssp5p4p5d,cosmosvaloper1pmdxquuver2aj60rac8efqc87yk6tu0usuwar6,2814703
cosmosvalcons16y5szs5eg203nhsh56l0teem8thv5e3wpxzh9v,cosmosvaloper1p7n5agmrptr43t9te27tz7c4tnpw2dj3s4p6jm,8100221
cosmosvalcons128dj2e3qfm3xvsn74znvkuvcxk43wzlfngfrz8,cosmosvaloper1zqgheeawp7cmqk27dgyctd80rd8ryhqs6la9wc,3923660830685
cosmosvalcons1e6udks5xqcdnygyax032man4dtxa0cq9kp5xkv,cosmosvaloper1zp6kg7qlmztyw2km2af4z5ruz5vn04cp9npe79,59342063
cosmosvalcons145uc87weflqgh4t0w0luuk59046rwpma6p69sj,cosmosvaloper1z96p06tf6pqeca9gatv8h9hp83z2ng4l6erxj4,359990367981
cosmosvalcons1p273248gf387pexjqxnwrtpjjdku4qd6yvtgm3,cosmosvaloper1zxphhzuweenrq3vvgsgj6g25axdpghtglg0veq,414825617
cosmosvalcons1d4cplfv4xf5gmutt472jzym73s2vhvckjadcn2,cosmosvaloper1z8zjv3lntpwxua0rtpvgrcwl0nm0tltgpgs6l7,4799065187634
cosmosvalcons1tstkqk7whnsn57a93ksmuqt4hq5pa9jxzuulvd,cosmosvaloper1zgqal5almcs35eftsgtmls3ahakej6jmnn2wfj,173515486719
cosmosvalcons1szyclvg6kqql2d65yxgdq82as422cfhk3x4jzl,cosmosvaloper1zf37grr7nxffaacqfdyw5laeetnxm546aqz6uj,37835515
cosmosvalcons18z7asrytca436tlxr6lldxvdhpdpa9l7rc8fwx,cosmosvaloper1zwrav6vq7a9g37vwt6nl8ra63hhc20emsmvyp5,1201714
cosmosvalcons1qq0lw964szlkhgxulsak9k3g7c3j8jwvvd0600,cosmosvaloper1z3xngnvpyt33dlhrsmcz6pwd4fp47uem9545ed,11294998
cosmosvalcons1jp4sw2hd5pfmr9jrg4hx8hkjxdjq6tv3qfq2wj,cosmosvaloper1zc0z44e42qhzltqc8qpj5qrzn836d3lftnqmgw,61979500017
cosmosvalcons1s570cndhsf6ek2x477fcnehjlqga7hlu7g6h35,cosmosvaloper1zccyq99s2pcu3tjrpmlhyfcr0fpekpz2yggk66,999800
cosmosvalcons1qkzeaxrz5e5qm04t2ypk9sgtzesmjap63hewkf,cosmosvaloper1z66j0z75a9flwnez7sa8jxx46cqu4rfhd9q82w,9112539075
cosmosvalcons178uaw6g4t55mhs5efnmrrsdpsgen39rl3s97vc,cosmosvaloper1zmr5mglwkkru7m3q8sxcg66gxr508v6h6lv8fg,1039200
cosmosvalcons1eszcs2tcl30a66nhy958u9xq9xdwqp9c65dnm6,cosmosvaloper1rpgtz9pskr5geavkjz02caqmeep7cwwpv73axj,402832004842
cosmosvalcons1yspgq5t6sfmp33lv5d3gun5pstmdcenaqgded2,cosmosvaloper1r9lxkpqre6j4487ut882xchgr7rdtx3x76gtdp,1999800
cosmosvalcons1vu4n4002vv0v5e2f9zkafv2edld45943l5gw6f,cosmosvaloper1rxvkwfw3467nxgs6r7yav6cnygkjzkkc2defr6,369234730530
cosmosvalcons193fg6g69a4hf20qupqv79saqr2luhf2hladw0j,cosmosvaloper1r8kyvg4me2upnvlk26n2ay0zd5t4jktna8hhxp,228342148
cosmosvalcons1qex0qkzhk4t0a436cv5zrlusgvfdpukghc302f,cosmosvaloper1rfpar0qx3umnhu0f6wjp4hvnr3x6u5389e094j,1015440
cosmosvalcons1eemgqv7hylr29zvq4mmnwtgjgvnusy9g4nlklf,cosmosvaloper1r2dthxctqzhwg299e7aaeqwfkgcc9hg8k3yd7m,47327948791
cosmosvalcons1cg6kvg45j4e9jcd4kgq68qka2lxnxp0vddkz6t,cosmosvaloper1rwh0cxa72d3yle3r4l8gd7vyphrmjy2kpe4x72,367903538533
cosmosvalcons1w59c8npeqan7xcvy6nx5463jzprr83ss5t49rv,cosmosvaloper1rj6324uq904z5zr96zg6ew9qjyau9u6h5nflg6,804720129
cosmosvalcons12ktgr0zs690n9r8zgj7qy7mrdvtt498p0lfum3,cosmosvaloper1rjujxmsdk3n7hj07q54huh4esf4v0ts8mezqam,5828617269
cosmosvalcons152p8kw0kvu6wwpqw8f7uhf49ycf6ztnmkeffzu,cosmosvaloper1rn4gt0kphuqsdk7lu7m65gylv75q3ml4y6ns0j,999900
cosmosvalcons1acpxknv87l29uhppefe6rxx285cc3zuyhupu6a,cosmosvaloper1r50v53ua3mgfczlgf6jclycx2edcsaaftfjzs6,10004
cosmosvalcons1qqqqrezrl53hujmpdch6d805ac75n220ku09rl,cosmosvaloper1rcp29q3hpd246n6qak7jluqep4v006cdsc2kkl,281810293214
cosmosvalcons1aq0hzzv9mejakjrx38c67s9gekpjymdkssvdk9,cosmosvaloper1r6cwek6596vqzky4fezhy29qcdlv06d2laa2pk,8399567
cosmosvalcons13h3hfdz0hv24fts20tny278mvg2pxsl8f38l5r,cosmosvaloper1rmtq3p4pvsxfk0vr3agslkwf6pt5u2a3dgq9ga,1000000
cosmosvalcons1tn8at2pzkrhy6u5dfq9vns3v8dz4apvyku4x0k,cosmosvaloper1rl23sesp9qc7j9cmntl75v3uu4zetjxnuqskea,12625206
cosmosvalcons1683pm2963unfcg6cryv0d7ztjyh9qc44pt6w84,cosmosvaloper1yyhjumfj2lvsgzwhvk6fcezgwu6q70d0j59hlf,21317709
cosmosvalcons14ezk4pd9cm2xlg6sc0kzmjcq6esnt83q8k8rp6,cosmosvaloper1yfnaup5wa3vdzx3wx9auhvzl85saqj37tqxqnu,179632492571
cosmosvalcons1rxmc3l8jzvqz5q3tll5crev2azncq8egfntczu,cosmosvaloper1yvwqd5rdtuaw25mcqhz794dvgq9k9yeh8mjcdh,6
cosmosvalcons17m7kxedvc5uzk6kk2ekd99ceqjm47l3y355lug,cosmosvaloper1yw5s259jkcg0jzmh7sce29uk0lqqw2ump7578p,834311991430
cosmosvalcons1ejrl266cvgvprc4453ln33skdc54ecmwjdyr4d,cosmosvaloper1y0us8xvsvfvqkk9c6nt5cfyu5au5tww2ztve7q,2901207592693
cosmosvalcons1hc7gfnnedgqfxdpeu0fjzl2f6e7w7ea0vjxyzm,cosmosvaloper1y3aaqvxn6hyqh05ektsy0zrymvne3qcq6mffu0,9455468
cosmosvalcons18dyu497yj6grx936sus49pcy38k7huyq3cflu7,cosmosvaloper1yh089p0cre4nhpdqw35uzde5amg3qzexkeggdn,870177747616
cosmosvalcons1lntpwz5l3lc8gqzy8anvp8alxlkprdawv9dlhv,cosmosvaloper1yat0v9mqt88m2x3uew0zrpzn7tjzas6eplz6s2,1006080122
cosmosvalcons1xde5ku0a70qnen8s3fctnypg4gj206p8um2u7s,cosmosvaloper19qv67gvevp4xw64kmhd6ff6ta2l2ywgfm74xtz,116954077505
cosmosvalcons16w7zdvdfmmyd26c28w8v6gc3pmzv63d823y70l,cosmosvaloper19rmlxkqjt950fxl849l49x0me56u9tkd5n5j62,115178514
cosmosvalcons13c8wx7mmrgpcm529uv83a7ta7dseaapfj2eket,cosmosvaloper19yy989ka5usws6gsd8vl94y7l6ssgdwsrnscjc,1247698216788
cosmosvalcons1nc2r2t949y7xqu7kz2q2r9cgt3n53kh6aluuac,cosmosvaloper1998928nfs697ep5d825y5jah0nq9zrtd00yyj7,201419478
cosmosvalcons1g63l3wpe8w4p20zqu4ezat5zagx53vedf849wa,cosmosvaloper199mlc7fr6ll5t54w7tts7f4s0cvnqgc59nmuxf,918138575239
cosmosvalcons1hnmyrqn0kyw3r56u0x5d6a8rq3cpww4cws7jzm,cosmosvaloper19ggkjc5slg5gphf92yrvusr3jc702h4tfz6nvn,60102
cosmosvalcons1txkxwgrg77h8tmv02vq0cvnpey4epxs2qq3s3d,cosmosvaloper19f0w9svr905fhefusyx4z8sf83j6et0g9l5yhl,1375334383087
cosmosvalcons1v3dkh99aq5jqg3avzxml72psmw7ylqmgxx70tf,cosmosvaloper19tfkpy26wpdanzjqwag8yyxsygsxgwzsqxmnuw,999910
cosmosvalcons1yaz7eg96e78hkxlck76rgc5mfuvv0wjz3spkuv,cosmosvaloper19v9ej55ataqrfl39v83pf4e0dm69u89rngf928,475008
cosmosvalcons1s23urazh09t3lfevm6ger7avhne4zwd3u06eqm,cosmosvaloper193qmr3zvz0s6g4ngez5euja7ynwrwx8amer9qt,1
cosmosvalcons1k4p60h6g0q9wlm6e8gqre5rqkkfufe44q2mfsa,cosmosvaloper19j2hd230c3hw6ds843yu8akc0xgvdvyuz9v02v,172013465061
cosmosvalcons1fyr09ffnfkgx5nrrl85av9f8486e8380f3mvng,cosmosvaloper19kwwdw0j64xhrmgkz49l0lmu5uyujjayxakwsn,302880212
cosmosvalcons1lrjsx2uc6hfjgshrykmfwz6rfa6juyf7gszn2c,cosmosvaloper19ecn7ljwp6el2pc5lldyauwv05ufwut9mm38r5,477301030355
cosmosvalcons16t2937fqnm9ceg42k8veupnprwqj4puhwm6yyv,cosmosvaloper196ax4vc0lwpxndu9dyhvca7jhxp70rmcvrj90c,10450989163651
cosmosvalcons1dre8q72eph9vcwkpcjyj5xsq3u6g7kt0q0pn3n,cosmosvaloper19lss6zgdh5vvcpjhfftdghrpsw7a4434elpwpu,3315094898
cosmosvalcons1rt4g447zhv6jcqwdl447y88guwm0eevnrelgzc,cosmosvaloper1xqz9pemz5e5zycaa89kys5aw6m8rhgsvw4328e,185411971765
cosmosvalcons16tnak7apushwznnd3wtku8gm0rt3xytz6ut006,cosmosvaloper1xqtqptyvjksqx8pvvm6r0uamuddxvrkh4ge2gf,1964501
cosmosvalcons1yjf46k064988jdjje068zmrqg8xh4fqqe2wwnl,cosmosvaloper1xym2qygmr9vanpa0m7ndk3n0qxgey3ffzcyd5c,199715835322
cosmosvalcons18z5h84jguzthd2u6kzqmswc9vfcag75dv9hzt6,cosmosvaloper1xxjvzwjpsf6ktuffkcpx29ut9qfrn0my8xdtqd,560
cosmosvalcons18xt8rsh7fvn3fmrwsl2wu32w790n8232mlz4p6,cosmosvaloper1x8rr4hcf54nz6hfckyy2n05sxss54h8wz9puzg,2074921323
cosmosvalcons1aqq8grrgeqdnqdzu8t3t5cu054hlvlh062nhqx,cosmosvaloper1x88j7vp2xnw3zec8ur3g4waxycyz7m0mahdv3p,342186800087
cosmosvalcons1ld8myknpkjf6t0uw8n2tt684kszd4r3rwy98d2,cosmosvaloper1x8efhljzvs52u5xa6m7crcwes7v9u0nlwdgw30,6911430874974
cosmosvalcons1dfx3ffavnd8hclegmjgydegzn5dlp86p7wgc75,cosmosvaloper1xwazl8ftks4gn00y5x3c47auquc62ssuqlj02r,228203923548
cosmosvalcons1j4dy0j9vscegyhw5wh5sjy75p2cf60a53qkgch,cosmosvaloper1x065cjlgejk2p2la0029akfvdy52gtq9mm58ta,22165803937
cosmosvalcons1ldkjp8wlaj2f2vlv65mq4rc97rd4s9v7hhyt37,cosmosvaloper1xsgse9yump2j35nfut2tkwh7mdtca5llcgr79d,118422703530
cosmosvalcons1j7uerzja8ved5dqqxgz76ndr5g34ecx2dtfhd6,cosmosvaloper1xsum5hdkcckumzx8ajf3j8upr8w0vs8gcvw0dc,3199700
cosmosvalcons18fntfdwyx2dpf4z3j4w5qwahv0dvmp72x69edj,cosmosvaloper1x3mkgqpshvpq87d33ndsleu7gd7w47dl4ve0yy,141569785254
cosmosvalcons1drmkvw6nrf2m75kquz6v674gcxznhlejtnc9g4,cosmosvaloper1xnrth5rku3z3msm9prxe3l0p2yec3d9mzxz9ka,420299413
cosmosvalcons1wqlhsr893rkkgpheu4lxuyttn03yg0m9gf5xhf,cosmosvaloper1xhhquwctvwm40qn3nmmqq067pc2gw22eqkwgt0,161158023
cosmosvalcons1nnu2u874qluh5p2z2pvzlljjjgkg6dc9mwtxn3,cosmosvaloper18ruzecmqj9pv8ac0gvkgryuc7u004te9rh7w5s,10821662006019
cosmosvalcons1q78p8uewhvqclp077y5sr93un83v5q9jpne2pd,cosmosvaloper188z55862zckmn7kuwg94sl3nw9ta9pqt3xectq,9977226
cosmosvalcons13utglz4zhpwr9r08vtapx3w9s9fmvud8xprdne,cosmosvaloper18sqvyf4ss84qree7gndph5chmm82fglsqfylwn,2000562155416
cosmosvalcons10q3r3twa4vs2n9xl9fn9q6n0m9cxewv0rgtrs6,cosmosvaloper18s3k8dt73e28rraqk70u9xwtv9wlav83n5mqjx,121355384414
cosmosvalcons1qvntfgwexyztmdfdgr768prmas8xgser8g94cd,cosmosvaloper18n80khkgu2z093cqtdatnx3gn0f7fjuvl2s72d,52108328
cosmosvalcons1lh6kn9z5lyazsc2m5anhc4h9vtul7686uzcqxs,cosmosvaloper18kz84x6fv7ep7xvme8x2e4254t404efvhjqst8,82349652
cosmosvalcons19h9jfllccy8hdq4ee679jrltjtkpk7ymh0f7zt,cosmosvaloper18cphtqx7c6kmjuwvtfvge0dtf8nxm8j9x6p4kz,501
cosmosvalcons1ztp25r0xd73ln4ny6q746mmdsgttdk5p8yupga,cosmosvaloper18extdhzzl5c8tr6453e5hzaj3exrdlea90fj3y,310965760437
cosmosvalcons1r557640leqeq7c9wdvxapyw79acnlj2a903456,cosmosvaloper18624s66va2yh3fhf3tamnexdy69m460zzcdchd,141679940
cosmosvalcons1awlfmjr5nvc6x438nd7hmx6my2yqmyxnakf9uy,cosmosvaloper18algml7fg04amyhz0ss5h9m92k5g3ldwvd4fk3,999900
cosmosvalcons13tgt47xw60a4p6q24czs8gnah559wet7gszhsx,cosmosvaloper18al7yt9q5a7n7aqje9dat36efyxssyahmx2gzs,155728674198
cosmosvalcons1kwvu4kaarawlh9t762gdypx9k8pn08jwej804k,cosmosvaloper1gqem6t55xrjc8nqf7y8jyp9xzgnm60zu007nrl,135825139383
cosmosvalcons1m7fg8k39k2tyym5hgwrpf5wx9hqsr8vywuyrtm,cosmosvaloper1gp957czryfgyvxwn3tfnyy2f0t9g2p4pqeemx8,1184699621976
cosmosvalcons1zu87l4kh7jnf4tns5fzptlzw9jfgmch9q25f5v,cosmosvaloper1gpx52r9h3zeul45amvcy2pysgvcwddxrgx6cnv,1648319460979
cosmosvalcons1jhsxp5rhzvrsl6vz9ak9p0tkhn9lnut6ehz9ej,cosmosvaloper1grgelyng2v6v3t8z87wu3sxgt9m5s03xfytvz7,1791087005342
cosmosvalcons1afz4qgt6kas24lskee3vm7qned6re2a62p4pqp,cosmosvaloper1grjl4vfsw4cq9vdvu2r4c8c6lzqnzrcl87hk46,118801271298
cosmosvalcons1hxjcjnwuezfjvd2maswp92zqdjad8adrdwh4s6,cosmosvaloper1gxgyhqagmvyg8sgwgpa79scrwqp4wn4hw4e3cl,437950478
cosmosvalcons19s49axu7lyp3vnazh5l3gpt3mhcz5qxvucqyks,cosmosvaloper1gxju9ky3hwxvqqagrl3dxtl49kjpxq6wlqe6m5,652896012195
cosmosvalcons1vz42ewp04wwepjed7z4qenj925gpakgvap4q2u,cosmosvaloper1gf3dm2mvqhymts6ksrstlyuu2m8pw6dhfp9md2,819961342116
cosmosvalcons16hkujdp3fjymgk2jvg8fexftrhysrpzzzmrweg,cosmosvaloper1gf4wlkutql95j7wwsxz490s6fahlvk2s9xpwax,268751146319
cosmosvalcons104cjmxkrg8y8lmrp25de02e4zf00zle4mzs685,cosmosvaloper1gdqqf8f6wsdvgnevly7q62ez0tmfn0lm9smxws,1999800
cosmosvalcons1aqalcsmd9n5dej0vqkym9edhxh3hlwzujn0tn7,cosmosvaloper1gdg6qqe5a3u483unqlqsnullja23g0xvqkxtk0,302900145
cosmosvalcons1kgmt9g366ut2nkxc26svhfmz7v34zhzl73rgp2,cosmosvaloper1gjtvly9lel6zskvwtvlg5vhwpu9c9waw7sxzwx,386318230136
cosmosvalcons14l38gadp4uq7fvtuwzwulx0ndxe4my5jfzd9ve,cosmosvaloper1gn4ugadhkdwse6ayt7q8ekh0d0p2spw7duwlua,115689923551
cosmosvalcons1kj56rgn5y2u8tdka3e4pa5easrus8mgmy7canj,cosmosvaloper1g48qthza73rv7rl3t823sxp0539k47c7k8fjqp,999903
cosmosvalcons1tfvaep6xl4e8lhw4e06uhwgvdaskenumhk03w6,cosmosvaloper1g48268mu5vfp4wk7dk89r0wdrakm9p5xk0q50k,3337770376738
cosmosvalcons1f9d60e6ecr7aurzl75se2zy6rxshfzmssj8us7,cosmosvaloper1gah0q9gqypnr7ufzg0dcda3k6v8qp4ceddn8fs,676432397330
cosmosvalcons16lmu09y8cy99eudtavwmmq0g6jt403pz97zaxp,cosmosvaloper1fqzqejwkk898fcslw4z4eeqjzesynvrdfr5hte,71979972937
cosmosvalcons1rm28rje5uwp3z9zsnrvqxc2rg4v09uw8trcndm,cosmosvaloper1fypv7c7z3auv7w48qn76538w55jdk66xt5a3lk,7361795
cosmosvalcons1wuryw4luc7pglx9nx5jmgkvakr7s3hphsy9a3j,cosmosvaloper1fghgwhgtxtcshj4a9alp7u2qv6n2wffqhpxcnk,280161932
cosmosvalcons1szxkkp22pdknla04atc2vh8uvnz587pnwa9sj9,cosmosvaloper1ff0dw8kawsnxkrgj7p65kvw7jxxakyf8n583gx,152225910423
cosmosvalcons1zckma638v6hj0cfk8dvr5tuptpm5m7n04w8vl3,cosmosvaloper1fwnw7km7sqwyfdr0lq2n0nzpa3f7zd7p6r44k8,2135306
cosmosvalcons1qmeevnj047ym0kqc2fdsal2680ffhncpp8avs5,cosmosvaloper1fwc57kq4ru4c2fuumpqpljj8aqy24e3fzhlp3n,3282929999
cosmosvalcons1h0j4akdjustw9vmuzwa7a8xku7hrz3ck4nxh09,cosmosvaloper1fsg635n5vgc7jazz9sx5725wnc3xqgr7awxaag,267358217900
cosmosvalcons1cpd299h2lkksgmmjkyzr3mzn75dsm3g2asvfgn,cosmosvaloper1fs0vl7jem78pmhladkludtkun3cgkrwkt8czur,730491183431
cosmosvalcons12tskgcf5gv4lj5etfzqudmfjus9wtgka8znl6y,cosmosvaloper1fhr7e04ct0zslmkzqt9smakg3sxrdve6ulclj2,528054564104
cosmosvalcons1kmzapm47r2akvqu6jzuqsgxpp2wte22uamp7wy,cosmosvaloper1f63lrmnn4upu722kxdhw04taxa6w50lnar88dx,99990004
cosmosvalcons16emwtzn5dqdlfx04tdvg35aajch347yue4e05y,cosmosvaloper1f6ne5ahjrrntmt88eunyatw2jj8w5rn2qmj6p2,22178571
cosmosvalcons15lv7dkuv5hjx5cdvxc346nypshmm7ydyhzamnv,cosmosvaloper1fun809ksxh87nzf88yashp9ynjz6xkscrtvzvw,164531927132
cosmosvalcons1hd9ja0s2ft7cqm5payftnswawh5cmqvncj44fe,cosmosvaloper12r4rsw7s2vnccwealt5zu0kukdxgwamyltmrud,139986000
cosmosvalcons1uh9qzjzflvllwv8z7a795vdyvuvr4eatsmzgg6,cosmosvaloper12xx74t5sx3vgyew7es9h8e9py4ttts6zcg3vxk,2609458724
cosmosvalcons19qj454eqner3yn5p5w808vxwr9ylwjhwjpyq30,cosmosvaloper122j3zmqdl6d2g64qmjuqzj65gfejsvjp07yljn,2964348390
cosmosvalcons1qj6zmfv6gdrajwznv5vwyguzpr92te9nc93dvx,cosmosvaloper12dm2v5yk62k3em0lu7g5ddzrymy832r6vn46j3,302497330
cosmosvalcons1ftmf66j5xmpsudvyc93ggv772hn430x2kj93pq,cosmosvaloper12w6tynmjzq4l8zdla3v4x0jt8lt4rcz5gk7zg2,15630929063
cosmosvalcons1s6gvgluy48l9wkl486f2pjjjeh8qfjfrpwa0df,cosmosvaloper12syxdn3qs7fxua3khvewsvdvrx6xw8cjlsknnm,143543314151
cosmosvalcons192gnt6ypvzhs2ty6hwelvvqa0kv7ywzgvqaj5z,cosmosvaloper125umsz3fws7gepn5ccsh0sv4gre9r6a3tccz4r,25281990452
cosmosvalcons10v7sra65mluywnksudvgzt75xlsf8zwuzsq8r3,cosmosvaloper124maqmcqv8tquy764ktz7cu0gxnzfw54n3vww8,788453423728
cosmosvalcons13tgd82t0fvj24dc7wlfjk3rq4z86hpculkwnt5,cosmosvaloper12knqu4ecmg0982plzs9m9f5jareh0cvegcw3wu,14988
cosmosvalcons14whgq7ke76095z2vzmnm7r9leulx9rttuyurp0,cosmosvaloper12etdez5nurn9avdjrnuezzttck59s0spsx4xea,999900
cosmosvalcons1ee74zlp5nwve3j7wdhasxcvmv4zh7q9rdtr73w,cosmosvaloper12lfqufkk2h3w2ycp50czme6nj3ln5tdv7nj3hx,29906539
cosmosvalcons1276g2lvw5h6yf09vaw2v9jw0zgeqjlc52e2flf,cosmosvaloper1tpxs9gf9gg74mdu7ya4gxhr5560jsxnp4zq979,1183477
cosmosvalcons13drenmupm8zr0hf0d3ys6j29dwjgkr7kxd56y9,cosmosvaloper1tr5var87ga3fyy9d0r76uurpmkfm05rg37xacn,21
cosmosvalcons1rnknqueazcju3x4knpnhvpksudanva4f08558z,cosmosvaloper1tflk30mq5vgqjdly92kkhhq3raev2hnz6eete3,9217613782411
cosmosvalcons1wz8amnsjrndd55p09vp99lh38ld2x8jsmswdm6,cosmosvaloper1ttfytaf43nkytzp8hkfjfgjc693ky4t3y2n2ku,33417408
cosmosvalcons1d3tm8uh4lhqgf7x3dtf70lsp3ggg4pdyerj6yj,cosmosvaloper1t00q7dp0wslx34kee4elz496ts2uqlwphz860l,6196953
cosmosvalcons1lxqz3934hapkqf7m8fdwq6stnemh3qvuljn49z,cosmosvaloper1t3x2vutaan59q0jf55yyc24fmae9gljlalrldg,90681445
cosmosvalcons1ahtwxcvx3dvppzx3q43yr5hegx59fh7htm4r4u,cosmosvaloper1tjwad66qx72xyr3ydcyascrgdyhee58y5x6zdc,1548718
cosmosvalcons1fmtucspcsvljafd28ax5f3vpernuhkrz3d0p9g,cosmosvaloper1tk2xujvwtn0q60u8xelh50u9xzqvrnpk4d00qj,50498929
cosmosvalcons19yr8ml3n22jqfqwm05g7u393pgg0cs5smqryuy,cosmosvaloper1thl5syhmscgnj7whdyrydw3w6vy80044hjpnxh,223736085
cosmosvalcons1whdtx9h5egfk0afj4dc6szml5edtdype42hm00,cosmosvaloper1te8nxpc2myjfrhaty0dnzdhs5ahdh5agzuym9v,1568669307858
cosmosvalcons16de7lp72py6a02smltu8wqej4pd5kqjjfara0l,cosmosvaloper1tmwt5q22qqafyznjhhydn2u6kwpwn2r8unrdyn,117709095906
cosmosvalcons17f5247ynz8rw472hka7a5qemsj2dz78dm4nvyq,cosmosvaloper1vzvx9zq9czxedvtsvwdtxuslsn67q2vmvr9wej,999900
cosmosvalcons1asz9cu9kygt5v6ahavytl605pr8mzhvspndymk,cosmosvaloper1vz0clw0mqw5cjvmk38hg6nakkmvwugxrrhjhkg,3
cosmosvalcons1kmtnvrp878wrdhvmlnerqda73vzy9ysfhmm90x,cosmosvaloper1vrg6ruw00lhszl4sjgwt5ldvl8z0f7pfp5va85,1724712937
cosmosvalcons1d3gvc39578wr927jjuxc4nktyp9vemu9ukxq43,cosmosvaloper1vygmh344ldv9qefss9ek7ggsnxparljlmj56q5,174541931889
cosmosvalcons12ys9vkd8zl0lh9hq2nut6yggwv8p0t4882vg4k,cosmosvaloper1vf44d85es37hwl9f4h9gv0e064m0lla60j9luj,395620049070
cosmosvalcons1pdpwglc4fcjdzqvyhvfwxg684trpc6uqck5sxk,cosmosvaloper1vvwtk805lxehwle9l4yudmq6mn0g32px9xtkhc,2678247484232
cosmosvalcons1tv39l3tynf8lrt0fh5yf9lv3d0lluj8suxs83h,cosmosvaloper1v0g7guekttkdmerz5z8hjj8u8j68c6p00zqgf5,50544211
cosmosvalcons18zawa74y4xv6xg3zv0cstmfl9y38ecur8wztz7,cosmosvaloper1vsc7v43kmz7m8kpcxlwwjysa72k5u5gpknu57h,999900
cosmosvalcons1g0y9af53vvmh65sv3gmplc7322qc49c23hpjph,cosmosvaloper1v34d48p2z8mttnly3n9es2aqsqkem9pr6f0fdy,999900
cosmosvalcons1q23y3jrv0rkk4qjd2y9gk74yc8ffp5kutd0kwy,cosmosvaloper1vjqault583hwktfj63k2hh7r02sj2a66fmvzqz,16
cosmosvalcons18y9ttwxyuvdx9xshnjxj3zkukcudagj974gf2p,cosmosvaloper1vjn3559ncztu87qj8v4ryasgny7vjfx7jhxzu6,53518151
cosmosvalcons1a4gfu7qf0cfsd2glah5wskm46p4amahrjvtw2p,cosmosvaloper1v5y0tg0jllvxf5c3afml8s3awue0ymju89frut,457043318006
cosmosvalcons1gyk422n398zfdt2v8k420nhhpzw88v2q9ews9j,cosmosvaloper1vk706z2tfnqhdg6jrkngyx7f463jq58nj0x7p7,48838028
cosmosvalcons1py6l8h6s693ccd0384h4wstg76hz9y8md9g247,cosmosvaloper1vh3mytf5mahtqkdzg76v6j6xtu7wks9dejqlhe,48104000
cosmosvalcons13zn9q304aegz2cyzdks87uum4846s3cvt3rfll,cosmosvaloper1v69lzl909kje64k8vae24uytpxcnpxgullz2dx,146783056881
cosmosvalcons1nhhtefq2d6dh36t7gspx6k6zctcy9c8vf9rycx,cosmosvaloper1v6fqxzhzvvjgqmcreffvvvazvws46pwcvyaw4x,3293500
cosmosvalcons1lth4cv5tkn2fc5yuy4xx6rj7wvzrpxkkqg3my5,cosmosvaloper1v78emy9d2xe3tj974l7tmn2whca2nh9zp7s0u9,215239672754
cosmosvalcons1m6j8xpml3jl5cz685cayejkj2nmt46wjqjp0su,cosmosvaloper1vlmgjhwt2r8ddwxygsudqyg7tqqdmlkflvwt8q,1020004
cosmosvalcons1l9zfdya7fq55anllgl66lv7rrswl4vcnmz5h74,cosmosvaloper1dqp325was50l7ut2lnx6s8xhmtwj3wrtx06gzu,3161306890
cosmosvalcons1gvz5lwpu389ajz0s5ssqm59508mk2lscav4emm,cosmosvaloper1d8dvurm066vxhjxyaraml3esff9cywften2lec,4000000
cosmosvalcons1sqghwtkhmheve8xh5jxgcz4zfphf7n5huz7kah,cosmosvaloper1dt93l3qgmhhlp97srjyqyendrgu9nx0suxtwe8,9313886665
cosmosvalcons1k3vtym30kjnn9qrudqvx3yg6z2jgmrqr83qhy9,cosmosvaloper1dt4h3hn9zpxvm2t26erf96aaszp3va2wkq28ez,999902
cosmosvalcons1d65x8dzt5d5lww0x2k2hwrdtjtyf4ysjdyv245,cosmosvaloper1ddle9tczl87gsvmeva3c48nenyng4n56nghmjk,503914328758
cosmosvalcons1sxykfd8mxmfgzzwrapfh0zenyvdj030ud35k24,cosmosvaloper1d0aup392g3enru7eash83sedqclaxvp7fzh6gk,226227649802
cosmosvalcons1we6v0lnevz6gdwss2tdzyh65zx2cp6m5c80595,cosmosvaloper1dse76yk5jmj85jsd77ewsczc4k3u4s7a870wtj,20991705
cosmosvalcons13kstvzauw32cdp8utu6a2t9qw8usuve5mfg6c4,cosmosvaloper1dcf60vccyvqewnnm7sq5prrrrd98fzwruj2ntp,2999700
cosmosvalcons1gpl3gngunh4yae4ge0pdfspz5et4q6ury3yyvp,cosmosvaloper1de7qx00pz2j6gn9k88ntxxylelkazfk3g8fgh9,371060054635
cosmosvalcons1clmysm7g5d5t8hm6q696g4lw6hzexhpl779kwh,cosmosvaloper1dm9tz58y5mvw85yrjv7h979lnf9ckc445tzrzx,999900
cosmosvalcons1kqt3tjnu69z7nq003rtx2prwx6fcy6pl6r7lj9,cosmosvaloper1dm6n0u6l7vwn7nyy87gzmfjryg5jsg9kzn6kng,6732931
cosmosvalcons1t46pjekpy7m0vmqfejrde8j2ct3gyc78sgr66f,cosmosvaloper1wqy2s6nwnxj57l0l5rdjxxr646p3al6y70435m,168160621988
cosmosvalcons1cjgry2deat2pt3u737nf62a6vytkzlzpglpxkc,cosmosvaloper1wp9jne5t3e4au7u8gfep90g59j0qdhpeqvlg7n,4018064976
cosmosvalcons16f56s8rhg8693scakla3f3vpwepplvhc6uc0qs,cosmosvaloper1wrx0x9m9ykdhw9sg04v7uljme53wuj03aa5d4f,612378468472
cosmosvalcons1hjpmcfz7s7p8f738vpcgree9dv5vkmep3guy6r,cosmosvaloper1wrxkqna8w5ldl3twgmyne6fvt9hsfgmksrjwlj,1999800
cosmosvalcons1haxtf4var829rn6700zfxjwlf23z94utgygkd7,cosmosvaloper1wtv0kp6ydt03edd8kyr5arr4f3yc52vp3u2x3u,43994997943
cosmosvalcons1zh6gz89dxfnqtz4pstf7ljxemg4y54l832cclm,cosmosvaloper1wvt5zugk97mrl5rm9c3m573f9gj03w2gyh8m5v,5474793318649
cosmosvalcons19wd9t5alj0tnwhwjq7m4chk562u3my2xwt72qg,cosmosvaloper1wdrypwex63geqswmcy5qynv4w3z3dyef2qmyna,194004101420
cosmosvalcons1p426sx80udjfxhw7pyv5tnk03ym8h7vt9qlhgu,cosmosvaloper1wd8vquxza6svsvvnh489tdvg9vdjjfpepcfvf9,1014414121
cosmosvalcons1z6a9tflc80ywzetfplkk6yy40vd9raujd08f0t,cosmosvaloper1wwspfe7whh3zu4ql5rvpg044lyk6cuu7fpnd9e,14163149
cosmosvalcons1406kkp5gz4e06r5v70wlc2wc0yx0sm0q6cwg6e,cosmosvaloper1wwcp3ath738qcy3panwqxtva3w28kvqdjw5hee,178085012366
cosmosvalcons1fk40vpthtph6qt8lugk7r4fl7dplp7a0tw6ltf,cosmosvaloper1w024sqzpvj5g57maxmvnlzellzwapwsv42360d,4748644698
cosmosvalcons1lqqg8vvrcsqejfw89d05stezg6kz6su5a0ys2f,cosmosvaloper1w0330zv7quttes76vmdhda3tnz045uqs37wfx0,54784639
cosmosvalcons1p5scdpmdymvg9aa72r0dj27nedfc8q2r3zermn,cosmosvaloper1w0494h0l4mneaq7ajkrcjvn73m2n04l87j2nst,227307
cosmosvalcons1rrrc6y6unkqawnmzxnday6xy0u8cn6zyl5yhtr,cosmosvaloper1w42lm7zv55jrh5ggpecg0v643qeatfkd9aqf3f,36038419
cosmosvalcons10vazaljm8lxlsx0u75nqwv2valj82jak592py8,cosmosvaloper1we6knm8qartmmh2r0qfpsz6pq0s7emv3e0meuw,686791076164
cosmosvalcons1nczylhnj6eg2rntf00r3h56lg9mq8pqqmrk869,cosmosvaloper1wukx88lfn7l4gfmrgsy96h6kf5tvrv3ucg502l,29975012
cosmosvalcons1s02utaepdyzr7483efcfteyghte7sj00h6fgtr,cosmosvaloper1wa9zrywwzzwcvarngjq3rrhv6z9gzw4htq3sv3,20665887
cosmosvalcons14jy970hgreldqll8ktsxw3p6s40ej7apnt0rh7,cosmosvaloper1wauge4px27c257nfn4k3329wteddqw7gs3n66u,2844001
cosmosvalcons150ruqntzp64rxam47qpm35yczkqkwce3yn6uzv,cosmosvaloper1wlpz5hau2ezu0gmuxav63m53d8s77az9wfzlt6,2908107437
cosmosvalcons1kgekmjr2wjn0s4fd0a5x4syc8m6wpvxwp9kvln,cosmosvaloper1wlagucxdxvsmvj6330864x8q3vxz4x02rmvmsu,201021378860
cosmosvalcons1rwefvuqddl8jxx92mgksnrjdgprekmr79r2t07,cosmosvaloper1083svrca4t350mphfv9x45wq9asrs60cdmrflj,18521883826
cosmosvalcons126dsn63ajcrutudr3hkcrnkjvnr649xtk4kxd8,cosmosvaloper10f9wkd6vdspac05djyfwfx0uxcqxapnqhnkcg8,22398669129
cosmosvalcons190run3dv8u23yudgf429e3t0ax0n5murgvucs3,cosmosvaloper102zp2v3ysn8nhuk5q7lvxzsthg8usmw2c0s405,30541000
cosmosvalcons1gtt8qhn3vcttff2y90d2q59hcm5lmhjrr5menw,cosmosvaloper102ruvpv2srmunfffxavttxnhezln6fnc54at8c,182490341069
cosmosvalcons1kcd2gxvsn9tr2j39ufkaaygrknq6f4w2nv6xm5,cosmosvaloper10wz6lfhmqfw6egg0062ytnawaj6vr89ly5g4yg,1499558
cosmosvalcons18wz9exh3660flwmzpd56kgnt9zavj7v9uum0aw,cosmosvaloper10wljxpl03053h9690apmyeakly3ylhejrucvtm,5859579404004
cosmosvalcons1qq92t2l4jz5pt67tmts8ptl4p0jhr6utx5xa8y,cosmosvaloper1000ya26q2cmh399q4c5aaacd9lmmdqp90kw2jn,176092289291
cosmosvalcons1qrxwan7srvknxwsm264l0nlc56uw6fd3mq0s7v,cosmosvaloper103agss48504gkk3la5xcg5kxplaf6ttnuv234h,2286480804197
cosmosvalcons1wdx5ghv9gkfua7uw7rzy86fr3ur7waa2dtyegj,cosmosvaloper10jzj3jjd3frna0ay08sh4zu4fpy957s49jkk7m,264624745281
cosmosvalcons1vr77947tgxcf8rgn7w9tcyx83pn200usmnryd4,cosmosvaloper10jm8fvdyqlj78w0j5nawc76wsn4pqmdxl683c7,6920000
cosmosvalcons1dj6867rt9u6scyaxpwmh6wv2eqhfqzv9favv9l,cosmosvaloper10nzaaeh2kq28t3nqsh5m8kmyv90vx7ym5mpakx,803318559955
cosmosvalcons156f4mpmmjamvgkuka6h9y62e5wu6t2c6ld3frz,cosmosvaloper10e4vsut6suau8tk9m6dnrm0slgd6npe3jx5xpv,278574036676
cosmosvalcons1kkejqy0vqu2du2492rsgt29jqqm2zr5r2hlv3z,cosmosvaloper106yp7zw35wftheyyv9f9pe69t8rteumjrx52jg,292374166174
cosmosvalcons1ge6evc3c9l9503a8hup9tqayzks9zslgjxma8e,cosmosvaloper10unx6s0cdqntvrumd5hs07rgd5ytcztqh8etw6,363063285298
cosmosvalcons16nqlu66cq0wgzjrtkwrs5d0fzyclzsvkp5fzja,cosmosvaloper10u5uewa85d7vq05d2seanz26pyrc4pp3k6tpku,154809969213
cosmosvalcons1xly2n8wp2gudg57ql0h8c2ktah7j0s0yjr7nsn,cosmosvaloper1symf474wnypes2d3mecllqk6l26rwz8mfjqdus,418851787083
cosmosvalcons1aee6r9636kx9aszycy0rldawdpdpp5kpdm0yux,cosmosvaloper1sxx9mszve0gaedz5ld7qdkjkfv8z992ax69k08,147459492132
cosmosvalcons17tx4g9sa36zk03q2e3svqnjwervpgnfudngaqm,cosmosvaloper1sx8wwjyzxsu02mkld488nps8p8anlsr47ygka5,1099900
cosmosvalcons1nfdjvtyrppgerw4pk3f7c9hy04e4guhd3u6p85,cosmosvaloper1sgcfa5z7dmhekhf79m040natu37unyuek54tp7,169577814
cosmosvalcons1s4fsuunlj5a2l83vg436x3yncth454wv333xse,cosmosvaloper1svwt2mr4x2mx0hcmty0mxsa4rmlfau4lwx2l69,419983913180
cosmosvalcons1wsstw0cs9zdv5x9ve5wtt2653qkqf5k4pkd5ex,cosmosvaloper1sdz4rc95vnzh2f54sacec50vjxnmwdakfym4vh,235123353522
cosmosvalcons12acnhd6zr3l7kwqmsclusl0dt6pf42tpw50hqz,cosmosvaloper1sd4tl9aljmmezzudugs7zlaya7pg2895ws8tfs,661418510501
cosmosvalcons1fjfzxravzc3s8kvpcpkayfnr5n78vg4u68zz0s,cosmosvaloper1s05va5d09xlq3et8mapsesqh6r5lqy7mkhwshm,3257212973
cosmosvalcons1d94te9gcdlt95pc9ps52kqxfxk9rz5psfatv7y,cosmosvaloper1ssm0d433seakyak8kcf93yefhknjleeds4y3em,457856178439
cosmosvalcons14sk4vptumprktehmuvvf0yynarjy4gv08t64t4,cosmosvaloper1sjllsnramtg3ewxqwwrwjxfgc4n4ef9u2lcnj0,4606694915274
cosmosvalcons1u5rl7nd2g5j9x5hthng57wpzrp8dkanxkzyxzx,cosmosvaloper1s5kufhghcyqkpp0ps0w9kn3lmn9wp8g5lkk07e,3323008211
cosmosvalcons1rfr0zuf8e77twwxhq5cmpknsmkmlplz6rap75l,cosmosvaloper1skhpmqtr8nw2takaduwh4ve5zk9pm5h5tnwlsx,10000
cosmosvalcons1dh73sfcgpt50qd8hx0u39x0t9rplkx9zftknjq,cosmosvaloper1skhguug7ffln3wekpmjmnnneu8wqfg3yk2uchv,3509402
cosmosvalcons1lyveqfcfkayz7qwqxr5t27le8wxcwppmjn39zm,cosmosvaloper1s6x9fy4wc49wj9jx4jv6czredqsmp46h7vnk2q,22225770978
cosmosvalcons12uccfrsey4mst23ge3l042x8prhqzn2j6fffxd,cosmosvaloper1s6t3wzx6mcv3pjg5fp2ddzplm3gj4pg6d330wg,13355619
cosmosvalcons1wvkwaa2vxaxac6k7e07hq7h06pl7ms2rt2x4d9,cosmosvaloper1s65zmn32zugl57ysj47s7vmfcek0rtd7he7wde,21960668163
cosmosvalcons1f6wt886tr7npwvuhgjjkqzmzsqn9945uym9g3q,cosmosvaloper1s7jnk7t6yqzensdgpvkvkag022udk842qdjdtd,43886277576
cosmosvalcons1dqt442y52cyvpe42p6ky9pxk9xg5qlptpdvf8y,cosmosvaloper1slt7tkd7srlaxnt8vk6uff7j3mc7pk233rs0r5,30667520
cosmosvalcons1gaekwgvvn7fv8tvekhtnfg6xealg5v58tm39uc,cosmosvaloper13ql36flc4cdjhx08hke5vpr4dyv03aafnmvtnc,256756092625
cosmosvalcons1dfg42n5vpne3vkspce66nz3v8zmwk5fv8yl7z9,cosmosvaloper13p5ckpmc9g2v8ez5qsxs00wadqvcc7q0qheh26,222728464386
cosmosvalcons1pzwwmhmkjfqf6nh2muvzwwtt8g2jnkrpgupyd2,cosmosvaloper139nknw98s8wqmzfqt9fs3jvv9sz2perqndmfat,119177805203
cosmosvalcons1884dj5gzzv5k8vjhudn0exzjre6dl35s3c7prd,cosmosvaloper13x4pynlp86prhcmtns742kgsgu7pjtzj4djh7s,948681386813
cosmosvalcons1fr74vrfukz649yjvhs8ec2ax3zpl5yf4z0g669,cosmosvaloper13x77yexvf6qexfjg9czp6jhpv7vpjdwwkyhe4p,230065265143
cosmosvalcons184xnl2jk8055m6cguaruage082m07tkjaqut6h,cosmosvaloper13fjm3anwze4gnkzv7r44pp0lnkr755xmdu37ct,121061426
cosmosvalcons1mf42422ee8hc3gltx7clzp7tyen7hw4t3vnmw0,cosmosvaloper132juzk0gdmwuxvx4phug7m3ymyatxlh9734g4w,4821227128742
cosmosvalcons164q2kq3q3psj436t9p7swmdlh39rw73wpy6qx6,cosmosvaloper130mdu9a0etmeuw52qfxk73pn0ga6gawkxsrlwf,1339421314100
cosmosvalcons15nca2560875stfx6vphg5yyrf9m9z8lheucgef,cosmosvaloper13sduv92y3xdhy3rpmhakrc3v7t37e7ps9l0kpv,297759894132
cosmosvalcons1vrj9ryfsxsgdx2xn6r399a0tc3zkyez2ps6e4t,cosmosvaloper13nvnv6q8d3yg7tjeahjzljkqu0y27s8y9e7as9,6569386
cosmosvalcons1krznwrk5veqc0zqq55vwhqe4us4wsann2l58kd,cosmosvaloper13ce7hhqa0z3tpc2l7jm0lcvwe073hdkkpp2nst,100347732
cosmosvalcons1mamecac2jegwfuqwqdtjh6a2vm7wnsg4ylg0r5,cosmosvaloper136zvatxwq7xfhnaxku6np2c3n59j3p39z5u77g,133933397581
cosmosvalcons1gnc9st7tywcygp6yx6gxlqsxeaj4ztpk7255q3,cosmosvaloper13maqgtlklmereflvg3lq3e8zrp0jsqhr8ef3kk,4321391169
cosmosvalcons1xd3737tmqtkvqq5fuush8kp82scy0tx6882l4q,cosmosvaloper1jxv0u20scum4trha72c7ltfgfqef6nsch7q6cu,318518693421
cosmosvalcons1pyuu6hhg3ahyzqgh2zty2zajt5kl4t8gchwand,cosmosvaloper1jx7uhnrg8pylqydtxwykc288mzh24866emytpa,238290701896
cosmosvalcons14l454efxpene4skhvh8meqx5rv6jm30g0mwrlj,cosmosvaloper1jgczjsz3tugudsutektmr9z9lmv8u6vy0l2de7,10000
cosmosvalcons1gaftyyhktnmw6wvtdm75cep6yjamkj29aev4pn,cosmosvaloper1j2ytk05qyx40twttvtph5ytes7lmhgshpuk50d,999900
cosmosvalcons1ysx7ja5fgvlef752n9s79gzqtg9kpqxrhcxfz4,cosmosvaloper1jw8ett8uzrvjjhfcyajwcnckfl64npwxvlz2q8,999900
cosmosvalcons19jwvcvtlk2pa2jk8fzpc5e8jjyrq88j3h8y9v2,cosmosvaloper1j0vaeh27t4rll7zhmarwcuq8xtrmvqhudrgcky,121218667795
cosmosvalcons1tyh30wuv7d42xkr8vk0ckr57wms3hna6valwtm,cosmosvaloper1jst8q8flpn94u9uvkpae8mrkk3a5pjhxx529z2,393102395306
cosmosvalcons1w9rjwy2t4lln3hknhcc465q4wcnwq4sa2snfel,cosmosvaloper1jjstwduq89rzkw4qcsk0q7d4ycq5ktmqd7nrmg,1120799
cosmosvalcons1jz54zpamvjcc6uzhy7jpku2asu3k29wskenap2,cosmosvaloper1jknayw5aejl5l2lctpxw8uy7x0xmc5vmu4q2zr,20000
cosmosvalcons1dc3rf7yps9a8mwvh6k2qq5v9j8mf9g2vk82hp9,cosmosvaloper1jmykcq8gylmy5tgqtel4xj4q62fdt49sl584xd,232037281407
cosmosvalcons1yk4qkqhmw97mufwnldqhdy5fcc2lev96u57qyr,cosmosvaloper1jmd8vcja8f7vqypxh0rceucrkt9hgsxk4kt5ad,1999800
cosmosvalcons1724wu4exhl320du57rwyznekgjs4n37ffk7m4k,cosmosvaloper1j78gfl4ml9h2xdduhw2cpgheu3hdalkpuvk7m5,505883403275
cosmosvalcons1dnuy2y503nhylek6dspadfurzdy73nedcsdxtg,cosmosvaloper1j7fgj7v9nqjg6wfda9paldcxezd8yv4qmhftye,142955115
cosmosvalcons1rtst6se0nfgjy362v33jt5d05crgdyhfvvvvay,cosmosvaloper1jlr62guqwrwkdt4m3y00zh2rrsamhjf9num5xr,845058670203
cosmosvalcons1hdwafrnxyx3pq0alktaf5h0gv83725edy3e6ak,cosmosvaloper1nz3c4q40j8jyvg2hcljkwhe69872mnllf7v9xh,425820840101
cosmosvalcons1a5y5d3c24krcv0w4g8yc9w85vs04j0xmt0j05p,cosmosvaloper1nykdskut2fq8k84epnuwjttwfupmdfwmpc3yvt,10100288
cosmosvalcons1cmq4v8m86aa63pn0ctqvmmrqqj4x444pyk7244,cosmosvaloper1n9juyach9xvnsnkeale4kc4kjgaedvsape5vf3,7177631
cosmosvalcons1wh8hztqt3wa7z70m8s0xgauhzyx9dhygy2404q,cosmosvaloper1nxe3gnztx8wvayj260dp6yw7jg797m8up02h7z,145761555855
cosmosvalcons1y4z96r4n205s2z43rmrpjl2aeds3npkm9akset,cosmosvaloper1n229vhepft6wnkt5tjpwmxdmcnfz55jv3vp77d,7351552204971
cosmosvalcons1c5snskvlrvgg3aqr88afvt06wuprd6m6uvdz7q,cosmosvaloper1nta8dt082qts2uldz2c2at6xmx8wpdwhld0mdh,999851
cosmosvalcons1kujvm2nf53aepvvdp6nl6kcyd4fhmfj29ghyzm,cosmosvaloper1n3f5lm7xtlrp05z9ud2xk2cnvk2xnzkm2he6er,257578111
cosmosvalcons1fev8nc3wgxl8z2m0e7w4jehn8c3jpvcn84ljqw,cosmosvaloper1n3nll7yl3lcv932s2r7l6jzvkjtjk0qppp3rls,818604656
cosmosvalcons1kv2cr60l2ugy25cnwr3dfz2694h7mm8muyensh,cosmosvaloper1n3mhyp9fvcmuu8l0q8qvjy07x0rql8q46fe2xk,828394978882
cosmosvalcons1kdzerkne4tgzzdf5ut53tagduhxmmujs4xx79v,cosmosvaloper1n5pu2rtz4e2skaeatcmlexza7kheedzh8a2680,20243788
cosmosvalcons1lu92p9qzj9gppuv3k0l5g5y75evuw39hpzugtw,cosmosvaloper1n5xufj0753hvhv6q09f5lh29s57epnrl59lpp6,999900
cosmosvalcons1h9pkkpkjms5d99kfu776v5z958d3r68aqqrjkx,cosmosvaloper1ncp4h8ckha4c6lel5wktclt4yrz4t896qawm7z,1049904
cosmosvalcons1pqr96s9e6jk4zf4v7zavsqesjjp4wg8axrqrzs,cosmosvaloper1nesedjyngslkvgg8jxy6nuy6r4g6ty0fdk3yky,511886105520
cosmosvalcons1x0yektnehzr6mg3z3eflkm4qqz4esveh8v9meq,cosmosvaloper1nm0rrq86ucezaf8uj35pq9fpwr5r82clzyvtd8,5294320968
cosmosvalcons1ntg25x9f9gdyxazzdmvmsxfdr4kr6f53nhwys4,cosmosvaloper1nuhls0wyf8slhmuasha5pz0u89jrf9nnugq8ak,615397233934
cosmosvalcons1cnmzzr9hwtqtxllc2gz50mpxhm7mzxfme53nnx,cosmosvaloper1nlfrwx5t3mm3cuqqkvjv6jv24m7s2z5utzfe8s,317550261354
cosmosvalcons1c54vmveq2l6uwvdmm4yyvzuncdgqm5eylrg0af,cosmosvaloper15r4tc0m6hc7z8drq3dzlrtcs6rq2q9l2nvwher,282550043197
cosmosvalcons1qfrrfn5hhr7r7mrfvju4qs54epaaxd8cz5x46j,cosmosvaloper15ytx6mflyrxynjerqlud6w646v6u3qvtjtfane,3476419404
cosmosvalcons160afge0dj6ms096h94xcxeutcf5e2cxp8eu4gp,cosmosvaloper159eexl76jlygrxnfreehl3j9tt70d8wfnn39fw,1010475
cosmosvalcons13aq2g6rnz438r390zlrvpajffazkas8psmvj99,cosmosvaloper15w6ra6m68c63t0sv2hzmkngwr9t88e23r8vtg5,224751463084
cosmosvalcons1r5yvrtymrfwhrd95h9dsv4xnav7tez06vpy92p,cosmosvaloper150g2n4ypex05nla65j6akz38n9tu4quu8nna3h,999900
cosmosvalcons1lx84lwycd5jm0dhad986xvvs447nsrwm28u8rq,cosmosvaloper15jlcxs57cku65nrve3hfjlmcr8kaavxcn30mz2,11
cosmosvalcons1s0686a68krmr8f46ph6fklw0v8us4gdsm7nhz3,cosmosvaloper156gqf9837u7d4c4678yt3rl4ls9c5vuursrrzf,2034111225150
cosmosvalcons1xxfqlx7r5wdkdpmvcltdtevfuype80cwmrrtae,cosmosvaloper15urq2dtp9qce4fyc85m6upwm9xul3049e02707,4475625012982
cosmosvalcons1t4gal4phqcqsqg7y2phdvnzkkvuk4s4rxtdtvs,cosmosvaloper15uarq305pfjftjv532jakjx0p52zflzxfr8e42,121668090803
cosmosvalcons1uzsjv5jee6w83amtyyvksp83k22xmvn27n8g38,cosmosvaloper157qezau9xnzypse3vu2vhs7r4ee83fdecew0fz,2995793003
cosmosvalcons1h8kwr4a5mkqws6px86364unjh8rlz2fd7gr73q,cosmosvaloper157v7tczs40axfgejp2m43kwuzqe0wsy0rv8puv,2409924437596
cosmosvalcons1jufcrrd9gze26sxd82ppse03eg5g5xa2gplt6p,cosmosvaloper14qazscc80zgzx3m0m0aa30ths0p9hg8vdglqrc,803512344896
cosmosvalcons10e30gm9ua8a3me2yvqrdd5hwlwprfrdqupymyc,cosmosvaloper1485u80fdxjan4sd3esrvyw6cyurpvddvzuh48y,940462166
cosmosvalcons19jyz646kt6r2nmkrgva32qjl37trrpznzt2nr8,cosmosvaloper142w8q2l0gxsfna72gq8t7e4ee4ul37e9htgtxx,20349436
cosmosvalcons18sg9jk5jf4zhzaw0kld2mtvp2eufk6n7z2hm6f,cosmosvaloper1402ggxz5u6vm29sqztwqq8vxs3ke6dmwl2z5dk,1009913
cosmosvalcons1qzgr0sk82ce080u78xs3cr5pat9jvtv7k85ajv,cosmosvaloper140e7u946a2nqqkvcnjpjm83d0ynsqem8dnp684,117537626238
cosmosvalcons1c5e86exd7jsyhcfqdejltdsagjfrvv8xv22368,cosmosvaloper140l6y2gp3gxvay6qtn70re7z2s0gn57zfd832j,911616967134
cosmosvalcons1aerz0wetya2dr2gfep5rzvcj8jp85heaju9wyg,cosmosvaloper143g8ag20zg42z7h2j3dszw52ac6alyv876p2q8,1019900
cosmosvalcons18eg64zpqxmt6wru5705xg94hvqdh3hvv94e3cm,cosmosvaloper14jlpmqquh0gste6nzf4dn43kc8h50l6fmx6dfs,4077051953
cosmosvalcons1vu2xpycvehymqmzaq40y64gwhrd0y2g77ec8vl,cosmosvaloper14kn0kk33szpwus9nh8n87fjel8djx0y070ymmj,890135455487
cosmosvalcons1kyt86pphmwwlp4fnac4vmeypqufehhfw8zucrv,cosmosvaloper14k4pzckkre6uxxyd2lnhnpp8sngys9m6hl6ml7,97618413903
cosmosvalcons1nhuwxwxgt6rehjztp24z3gytgvdatd2g7kndfm,cosmosvaloper146kwpzhmleafmhtaxulfptyhnvwxzlvm87hwnm,218348823009
cosmosvalcons1nnecnhxz9uq8pfjpuah5sdtxkgacxj6fajk8kn,cosmosvaloper14upntdx8lf0f49t987mj99zksxnluanvu6x4lu,133608847364
cosmosvalcons1n5rmxqwj8328yek4t5dkckncefrn8qap29nhqw,cosmosvaloper14az9dmutwtz4vuycvae8csm4wwwtm0aumtlppe,479429089
cosmosvalcons1htpn7dq0xjth28cjfp50qj0v96ynptp0s0hclt,cosmosvaloper14l0fp639yudfl46zauvv8rkzjgd4u0zk2aseys,105616890979
cosmosvalcons1yxv746y5egu3l2p0q8pvv99lavgr6ptvdhx306,cosmosvaloper14lultfckehtszvzw4ehu0apvsr77afvyju5zzy,8789674413559
cosmosvalcons1tk0ggav5nyzthj9hp3pzx87pq38ypmsjjt9l60,cosmosvaloper1kqld7f3tu3ha5ht3qv2rq9ac9683d3xf356rc9,516356760
cosmosvalcons10zstm2nfykapjsmvmu4p3l8rxlyv23fqjjlcy6,cosmosvaloper1kyfce0nvluyhgfsdzz8hwrsf5336gsc95pyy4u,413741293372
cosmosvalcons1w652n2q4zf27ne5739yeel5uhphaqgmj699fgz,cosmosvaloper1ky5k0305lm4t4xa72a2g5ahfdzqxnwx358agra,2912839552
cosmosvalcons1lg89m7kvmnm5j4a8gg2yle2mucw5xvmhtyqp6f,cosmosvaloper1k9a0cs97vul8w2vwknlfmpez6prv8klv03lv3d,868087255
cosmosvalcons1nycy42dwasflemc07uklez2nyul72kduyxht24,cosmosvaloper1kgquh04ffqvadekf6e47070gskm0s0h28cl7ht,43449753957
cosmosvalcons1chcxhwwflgdfts5mm2xrp4wuwgg27gtxrepsxr,cosmosvaloper1kg99k8wd67r0ffxwavgnxup7yk46rvttxc53j7,2909369943
cosmosvalcons1l4w4fcxeu3mgl6jvphlaez06j6mx2lej9yhszt,cosmosvaloper1kgddca7qj96z0qcxr2c45z73cfl0c75p7f3s2e,172294938712
cosmosvalcons1upc05nc9pwhhagnkr3f2dft327qxsxfeyvajsu,cosmosvaloper1k2d9ed9vgfuk2m58a2d80q9u6qljkh4vfaqjfq,2188260148084
cosmosvalcons19nt2x53lt4s4w0h3udj5kss66ggul6xuu4sxxk,cosmosvaloper1ktecz4dr56j9tsfh7nwg8s9suvhfu70qykhu5s,588895280
cosmosvalcons17n9tgyx724nakgpm64kxjnah34yzg7dp63zp5e,cosmosvaloper1kj0h4kn4z5xvedu2nd9c4a9a559wvpuvu0h6qn,152390561
cosmosvalcons13l3ul7n2q7cf8ezphwzd5xmd406n473d8t9apq,cosmosvaloper1kn3wugetjuy4zetlq6wadchfhvu3x740ae6z6x,47927501026
cosmosvalcons18k8tautktewg7v36vmjweqjcjvwurhey9sl7fa,cosmosvaloper1k447djp2qrfk8pl44vd02qdlld2asjeepjxsep,2456329
cosmosvalcons17m9qk9xe345ar74pkx0z2rgrhmmam92pfsllsf,cosmosvaloper1k4mtqv0y964set0ayr8e09r54mpqs4xfw0ysew,6988081
cosmosvalcons1p7s0vhx5kr48mcvs92jldugmg5dmfh7ry3r935,cosmosvaloper1khnuwdpnyv6utvqx3plt3x6makh3rc9tv0wvv9,1009908
cosmosvalcons1awpa0lh8v6ldda9rgedjcwx3njyscgjws8545z,cosmosvaloper1kculeejzmnac8lezfpg9ulkj5gfy5tuf9ez29w,3052311
cosmosvalcons1e3wwysvd4pw834lcnlk24vydmn33fsxvwnffjp,cosmosvaloper1keltez56g3zm9w8wr8gcmmulze48g2q3usuw8c,29947799759
cosmosvalcons1k3pqx4yg67gp6awclxh07p8kfhmmu9swja85ws,cosmosvaloper1k6e7l0lz497l8njqjxpd3g4wlkdfwe93uqf03k,904086243900
cosmosvalcons1m3x73kzmyd4k2jnfvhw43my8rnwvq7n42ch993,cosmosvaloper1kmvhdc3p57q4pwsn2txaluvuxfugeg39zqj783,1020811
cosmosvalcons13m0gh22aertrvdug3vahxjy4x9u4nv6dzzmwd5,cosmosvaloper1hf8a9yg6yswtj8lgchlr76mcenj2nd7a0e6z0z,674953
cosmosvalcons1saxk42pc8p98ng756p39g8u3halrr0d64grcp3,cosmosvaloper1hvsdf03tl6w5pnfvfv5g8uphjd4wfw2h4gvnl7,124232818
cosmosvalcons1knxq8u4v5gky8hs76wz6zp96s6m5vfujw95wla,cosmosvaloper1hdrlqvyjfy5sdrseecjrutyws9khtxxaux62l7,253325454351
cosmosvalcons17r7jkmvazl7tlgjaky5q6jgdxepjgawj8xgqfs,cosmosvaloper1hwu4wp5y47d2ntm3std5xeygqnqua3ekcpzp0v,4009600
cosmosvalcons1m8u2gxmc92n2v6kus8u48y3u0h88kcqp69cr3a,cosmosvaloper1hjct6q7npsspsg3dgvzk3sdf89spmlpfdn6m9d,1901663486220
cosmosvalcons1hdmtccezcafn5lxd8tcupzw8kwt3lvqjqdtkfy,cosmosvaloper1hjadhj9nqzpye2vkmkz4thahhd0z8dh3udhq74,707388658479
cosmosvalcons19hu8r09xwvl78tfn76dqd792cnrttwcq8fpjr3,cosmosvaloper1hkqejlyrj9h8knms9hwvrnp9xhqvjqlseh06vq,245508214633
cosmosvalcons1j7936y5vdvh6c55v07tt05hdmhuz5xu77qyga2,cosmosvaloper1hmd535f69t3x262m6s9wc6jd0dmel2zevhyuhm,4022894051680
cosmosvalcons16ewmqng3alzrt6ak62tgtr9da075gnpcchp0tp,cosmosvaloper1ha8d55747h8hsaluvz8ld88n24nfaw68rx4x92,315048523
cosmosvalcons1wctrn02xrx5yd7tl3nhn3a8wyg7z5vs7303c7k,cosmosvaloper1hlwku8r5h34zayle405tlesvrg5svu7ugkld20,598443853
cosmosvalcons160dhr9e39ntq5u0zjxnx6sctyrge0n6pnpj5uy,cosmosvaloper1cql9ska0xl2rkg6gcv0np4333gn6fygs55asrs,73857
cosmosvalcons13s7fqcn6d30zsc896yza90v7j0y575qvxp78sg,cosmosvaloper1cz6q5nys0tgupq2mt99amsltepglxqgwfs6fum,45739023
cosmosvalcons1s347fuu7xy3d9gknle29fcjkzpe7j4fc2dk40r,cosmosvaloper1crqm3598z6qmyn2kkcl9dz7uqs4qdqnr6s8jdn,470160268928
cosmosvalcons1unv52ve2rxzhlps6f3n0gar5anmpq8a7gppr7g,cosmosvaloper1crf28v52ptkygcw07kr79rw8dme7v2m2sy0p0p,14344
cosmosvalcons1afszwt65n8x7gcx0dgu653wxqc82296zq2yeal,cosmosvaloper1cyvspwjvnedc9s5j759zezufrwf7esfpe48agy,1009900
cosmosvalcons1kpm95tm0esga3tzxya06cpkaxh65y97pmqgmng,cosmosvaloper1cgh5ksjwy2sd407lyre4l3uj2fdrqhpkzp06e6,574256548220
cosmosvalcons10u39ewdv7lf5exfcq7nlnjem9pgnsm0ptf2hw8,cosmosvaloper1cf9yqlamxgeza4nsn7y08vpkcs7qqjp46k6s3t,10001
cosmosvalcons1m06z2yhft44rns6etpke8vc4yvlysq4hs8n7um,cosmosvaloper1cv6hnl6sq4srccnzveqe8ggc2tepvvx45vwcwz,14942648
cosmosvalcons19jy2f0h5d6ve9nnxy3tvj34xfw2lpv2s7zkvm4,cosmosvaloper1c5n3z6ju8e07pqmmxcn4hkqn69d8kmvq5nxnxa,1009901
cosmosvalcons1668wcrfwsfy0rmryek6ctmdkrm9yx27c7grulf,cosmosvaloper1c4k24jzduc365kywrsvf5ujz4ya6mwympnc4en,25287045401033
cosmosvalcons1sjea3y3t5tey5w280mq5j4uer0s6uam9nthe0r,cosmosvaloper1cc99d3xcukhedg4wcw53j7a9q68uza707vpfe7,614701917272
cosmosvalcons18ewwe89v7dsg07xs8pwdudaw5aj7vpeyfynqs5,cosmosvaloper1cew4f2acglytrdsdewk7kv3v8ycxd89z28jel6,1009801
cosmosvalcons1px0zkz2cxvc6lh34uhafveea9jnaagckmrlsye,cosmosvaloper1clpqr4nrk4khgkxj78fcwwh6dl3uw4epsluffn,10572924320717
cosmosvalcons1v7dcj7zewwlff48alzmxlp9f9xfjayw9qznplh,cosmosvaloper1ey69r37gfxvxg62sh4r0ktpuc46pzjrm873ae8,3714607251216
cosmosvalcons10rca02th8lyjyuu7pgmstf72q6l2xzyru7zluq,cosmosvaloper1e859xaue4k2jzqw20cv6l7p3tmc378pc3k8g2u,455185717428
cosmosvalcons13jyq92fpz9qkn5jcrn2xu09xs5lk72nltzjkt5,cosmosvaloper1et77usu8q2hargvyusl4qzryev8x8t9wwqkxfs,141346629604
cosmosvalcons12kemllkwh7sw2ldrytgd5f3vzd4frynvkh5q64,cosmosvaloper1ed5a27kfyu0yljmna00vtr8mgzp6rwh9zn77zz,7047707229
cosmosvalcons1nwstsw6cnc64xx9en3tan2hppv3wk7am86yxj8,cosmosvaloper1ewtwxeksk59k0an3etj3n93al64l5qws2jw02z,1009935
cosmosvalcons1ctwajuqv7h0vq3tacs3c9xe3a28af7w5cpvj7z,cosmosvaloper1e0plfg475phrsvrlzw8gwppeva0zk5yg9fgg8c,227250746229
cosmosvalcons1y35q3lcg7wpwkq8pyh6s3zm0uv4e0zzhvncv7h,cosmosvaloper1e0jnq2sun3dzjh8p2xq95kk0expwmd7sj6x59m,260000
cosmosvalcons14dam4pk8p9w4hv40jdee3f8ed9z6u9wrgx652q,cosmosvaloper1esh5lm53ew3cpscy3nmm20xfvm8dlygadrpkmp,397866014173
cosmosvalcons1evelsgtuq72jajsc757pl6hez053gvfhu2mjty,cosmosvaloper1ej2es5fjztqjcd4pwa0zyvaevtjd2y5wxxp9gd,374102449114
cosmosvalcons1z0hr7p0jp34d3lf8e0hn8htp6hueanm0r04wd0,cosmosvaloper1e4vye322gkjx8n85jgcclnc7nvdvu82axnr5ll,656091513565
cosmosvalcons1sxt9l69pt75q0ryjqtejun86wtu9723zyaezq8,cosmosvaloper1eh5mwu044gd5ntkkc2xgfg8247mgc56fz4sdg3,2074110181752
cosmosvalcons16999gt582mp6jskelky88hpwnfme3gtlaaat0s,cosmosvaloper1ehkfl7palwrh6w2hhr2yfrgrq8jetgucudztfe,437538303465
cosmosvalcons1hs92z8ndlt3y9k09f2pma0dn5y3vtcyc0pw69p,cosmosvaloper1ehlmvdvgkpfcx8f07l929udjerc9mtyhl07ynp,179689622830
cosmosvalcons1wrzmfenhn3v6yn8aj9r9s838qgwz4mpx3dsgl3,cosmosvaloper1ec3p6a75mqwkv33zt543n6cnxqwun37rr5xlqv,173974738101
cosmosvalcons1jj9mfqeft03jpccn7vhu4t2jv4hy565mp08pq9,cosmosvaloper1eez6ks7upkjf8w3eaz0vah7x3d8zkade0mwn3f,10014501
cosmosvalcons1vehl4dxx32e70w8fvkhnxg3wph7970es74xmhj,cosmosvaloper1emw2f9auxyy532klzc5rkkfampgmn5ywftnv7l,2009800
cosmosvalcons1r6wwjn7shfw0awgply9uvkxkfkzmzdxjyma30v,cosmosvaloper1emaa7mwgpnpmc7yptm728ytp9quamsvu837nc0,8653394
cosmosvalcons1373rsraxfvfzgfeq99cv7y4afxgmf3kjr2jq6k,cosmosvaloper1eup5t8pp8jq354heck53qtama7vss9l354kh6r,16087736
cosmosvalcons1ns2u9ech60wedtcfynfrgsz6ax9390nlfywkk4,cosmosvaloper16qnr6snzq49l6grkyu39lzchnfv3ajfdvejx55,196882922872
cosmosvalcons1duezht6aw02uwun3jsvsrvwcverk6hyspyy3cn,cosmosvaloper16qme5yxucnaj6snx35nmwze0wyxr8wfgqxsqfw,105423016608
cosmosvalcons1xlpffku93h3me6dc9r657rkygc8ql3dtxasg27,cosmosvaloper16pp7hn3auelgc8z9tcax5jj8q490288cp53t0d,165147229278
cosmosvalcons13n5y8czvfzmcvnu9drarn6gw5yl7vkr0y6sy09,cosmosvaloper16zgjnqxryhq2kftfuv8urp50x0xwt5dagemhfl,1072006
cosmosvalcons1hkcyvfv7klahfg5qzh33uexwa8cgqgvekug2dy,cosmosvaloper16yupepagywvlk7uhpfchtwa0stu5f8cyhh54f2,1133967971023
cosmosvalcons1mfmv53dam2zcxxc4jynpj7vlm7mjxkmkyr4tea,cosmosvaloper16gdxm24ht2mxtpz9cma6tr6a6d47x63h65p52c,10000
cosmosvalcons1m6sskxgpngfmzlg6h89wzuepekhrkpy8zf33lz,cosmosvaloper16fnz0v4cnv5dpnj0p3gaft2q2kzx8z5hfrx6v5,9721032450
cosmosvalcons1av3nf6w75qhcqzvvu3lry94d3mgs587d23sj5f,cosmosvaloper16tdsscg6443vhp94hwmkafln5l59arugs6dnsx,1899811
cosmosvalcons1xsehlmhrdvpue82unavmxzxquvtakcrupua5p8,cosmosvaloper16v3f95amtvpewuajjcdsvaekuuy4yyzups85ec,231555459
cosmosvalcons1l5sl280pl005sgfwlvymqapqxnhzsaxmc87wt8,cosmosvaloper16ddmnhsxkjh6xt4n2xk36d56pndvjxcn6gffpm,3009700
cosmosvalcons14g64mm93hjmtdvjwmpajfyvv7vllry2f9s0t07,cosmosvaloper160794m2vw5yu2dvmsw8lcjh33ur26myjxurm4n,181983823029
cosmosvalcons1uv2n8wp2cea2z7ytwz7haxzma78py54p5akk8j,cosmosvaloper16s96n9k9zztdgjy8q4qcxp4hn7ww98qkrka4zk,380557904419
cosmosvalcons1mulc0daf2tha35hklq6zguu0lr6swes7ps06cf,cosmosvaloper16j5uk7zt8kha0w4637h36kuxrmlarrg0qfwlgz,1100900
cosmosvalcons1kjvee4f4unxn9dvsh668qg98yn6qke09p5ngx5,cosmosvaloper1648ynlpdw7fqa2axt0w2yp3fk542junl7rsvq6,3580310694
cosmosvalcons1qxdeeg55f57vxmruwv5rau743etv3fw530uf8x,cosmosvaloper16k579jk6yt2cwmqx9dz5xvq9fug2tekvlu9qdv,4333366464355
cosmosvalcons19vv4j3ph7xfqkkhkgc06hqdwextepl43uhje7j,cosmosvaloper16m93gjfqvnjajzrfyszml8qm92a0w67nwxrca7,10088
cosmosvalcons1jm6s0mqqwykp5n4p2mndafq3azgxyc2kf3sdn8,cosmosvaloper16lsdqdqcz7yywd82dtrt4nmf2u3peq4ukc8ap8,909915
cosmosvalcons1hd9lklns2makrf2wka2y9fkhayahyf4m0kf7z3,cosmosvaloper16lhapna7nfm0j3pnwt7tn4lxtx3q7hs4sf66t8,263957982
cosmosvalcons1mqppd3f82cl3enskdsx7efajx3pt9l345efuh6,cosmosvaloper1mrnrqgl4d5hqsfdcgnjfarjnlk43rs89gyz94x,45006501
cosmosvalcons1k3q6dh8eqxfwjwdx2ct7a6kns07eytzl5qnxm6,cosmosvaloper1my5hjhl3gv47jndnfhj6l726ppjtszza94l320,197114401814
cosmosvalcons1avwlyfg8k7wwwq8cd3xgky7hmuqalk5ud6acax,cosmosvaloper1mykn77lkynl8fkwvl9tqg369u0zajzzcdhkptq,23451023957
cosmosvalcons1p7gcgvfkwnjqu4lzteea74ngatm00vvqha7dy4,cosmosvaloper1m902jrk0pn4yc47zfvauqwvtq0e03nen5xgzte,24516598715
cosmosvalcons1sveqdx72n5f9uu4lsljd59evn6pmjr75pjq2fa,cosmosvaloper1m83cwjucw9nt8xm66u8xavvy6v9m7xfspcszc5,3243749
cosmosvalcons1g2yl08tdkvcfdwkuxe5crdnrhg7t87zma4y669,cosmosvaloper1mnjg9xhraxljrccyw9y6u22ws0fa5asa38nd2q,140476241869
cosmosvalcons1nstujnmnzwa56msxg2rmam096wygazz4y6as4g,cosmosvaloper1ma02nlc7lchu7caufyrrqt4r6v2mpsj90y9wzd,264634936295
cosmosvalcons1d028q5ppxv4fpwfrjlvdwt9rj5xtsk8t7qzwxh,cosmosvaloper1m73mgwn3cm2e8x9a9axa0kw8nqz8a492ms63vn,557563906101
cosmosvalcons186naft4qsfyp8da5fz662ncpmv37lpjszpz0d0,cosmosvaloper1up3slj4nr5y23gxkvqn8h5ra9mv0pj2vrh0djk,1800000
cosmosvalcons153c3tsyls3h5daye7wqmxk69yujjqjv85ty9x3,cosmosvaloper1urxrvt5dmkqpe50gwrerjly2z6nvk9exjz2j3h,103453995866
cosmosvalcons1sv5xglesnj92zjxd54v4z30p8ez4efcynxv67s,cosmosvaloper1urtpxwfuu8k57aqt0h5zhsvmjt4m2mmdr0juzg,1009921
cosmosvalcons1f5kgy3dt7ju9sdwt3qhwu9ptzwsq4nd4qp6250,cosmosvaloper1uyt0yuv7cz7ppwefl9ths336ln7ysvg2jlj76t,52966250
cosmosvalcons1vaydvvhqpefy0s3x9mafdh55d5dwasetslkzq8,cosmosvaloper1uyccnks6gn6g62fqmahf8eafkedq6xq400rjxr,127114120
cosmosvalcons1efnfda07v6jgp0epgcp3n05hnycg2twspd2nej,cosmosvaloper1uxh465053nq3at4dn0jywgwq3s9sme3la3drx6,289900
cosmosvalcons18hzd6cggzasx449gl8tk9grg4q0gws0z52nvvy,cosmosvaloper1uxlf7mvr8nep3gm7udf2u9remms2jyjqvwdul2,3748434037215
cosmosvalcons1nydhgtxgvc95qvslw7rnv3xpj5v46stcadxez4,cosmosvaloper1uv26ytrnmydyctq0s58ve2k6wn2p653mqs80fm,26012066
cosmosvalcons19f07eunv876rgf4vdv7mtzj6h3vqpu4qtedw05,cosmosvaloper1udpsgkgyutgsglauk9vk9rs03a3skc62gup9ny,194149715868
cosmosvalcons1prcacwwfjesnpwtq36uvyd86y96rv8azq63ken,cosmosvaloper1usvshtypjw57edkwxq3tagme665398f0hf4wuc,170002866698
cosmosvalcons1vnt33u86vws3mcew9rhsqn7nwmw9xd03vvcpxs,cosmosvaloper1unap36cmuaxsmgtshm893hjkneta5vp6udzc0j,100045000
cosmosvalcons1nru4ehwwkrrf2pkkp845w3ddjlyls290mvj08y,cosmosvaloper1u5lcptf9kpw6psqg5xyr80t5d9l70lvcyg555w,2509802
cosmosvalcons1zz8y0lqms4r0nrm755hj237vg3yhmvdl3ss6aw,cosmosvaloper1ukpah0340rx7k3x2njnavwyjv6pfpvn632df9q,479107939462
cosmosvalcons1j8yz8f6ymeg0j8qh534kynkl3ac4pf7a4xhrhr,cosmosvaloper1uhnsxv6m83jj3328mhrql7yax3nge5svrv6t6c,913527347046
cosmosvalcons1hlhkut23m374uqwjrl95shtv8h59kvmsvexmff,cosmosvaloper1uepjmgfuk6rnd0djsglu88w7d0t49lmljdpae2,725164689
cosmosvalcons1t2e48d6g630jph7wr8tnh2ylymsuxn8huya638,cosmosvaloper1u6ddcsjueax884l3tfrs66497c7g86skn7pa0u,56708579946
cosmosvalcons1nhzqzgyehe6rrzg8fwz7fxy34canlm5m6dm4wg,cosmosvaloper1uutuwrwt3z2a5z8z3uasml3rftlpmu25aga5c6,159347821612
cosmosvalcons1x6hw4rnkj4ag97jkdz4srlxzkr7w6pnymshf3v,cosmosvaloper1uuj8c7d9rvevf7yjj6jdw0lvfxl6lquf2ftukz,110719991272
cosmosvalcons1yk5ag5kntufq2zk7u6e3jd9mshpgzltk7knpja,cosmosvaloper1ualhu3fjgg77g485gmyswkq3w0dp7gys6qzwrv,415385668639
cosmosvalcons1w3uqjwlahv848a5fmd6a4zgy9puh08tvsh43pj,cosmosvaloper1u724thtn8z47nw9nvel367m3qh0gqnxe4g555a,228834
cosmosvalcons1fxalkxap5ag99cezd68purh7kvu33w9jhtryqq,cosmosvaloper1ul2me6vukg2vac2p6ltxmqlaa7jywdgt8q76ag,620556854159
cosmosvalcons1d38vz84cj7ukffcxl5p24quh0weluz2jnwk6uk,cosmosvaloper1ulawrs2d3ajw083a9u6nxsyg5j93kdu6pudrag,183119212161
cosmosvalcons16zea2upy3x5l0hsex0h2rnz7hg33n53sfr0g20,cosmosvaloper1armvgtd477axezdsql30s4cah03xzcrlykvc2x,2019801
cosmosvalcons18g9wwl8k9nv5yr9q5hqparw4w3qkwmju3mz6wt,cosmosvaloper1atpewucekh08gc8h4e6jv8fa7p9k84mmwlzqje,160565300557
cosmosvalcons1udthn8ykrjch9z6sz9ugnjsmucrwxzsjdwflh2,cosmosvaloper1awqm5sweq0z3uyl49ge7rcxpd5lpeln3ldnapc,10000
cosmosvalcons1v4cedgzm0m880nptj6jw7675t48zl4w9zse9ml,cosmosvaloper1awguwfrm22sh7yewkywrjujukc75a3r3tpwfyp,340904886
cosmosvalcons1l8evmgmgjwhzkece7rxqat4tpkxztw2v5x0ntq,cosmosvaloper1asazdfn60g4nakccc9leh37du0946l5fnnluy6,9989100
cosmosvalcons1lrqpcp5p2792wqxhxmt8tjveypjlvh378gkddu,cosmosvaloper1a3yjj7d3qnx4spgvjcwjq9cw9snrrrhu5h6jll,6649807103
cosmosvalcons1t8p8pdmq6jdzsm3dsurv8877vsvjtdwwkxq2cu,cosmosvaloper1a37ze3yrr2y9nn98l6frhjskmufvd40cpyd0gq,399055219453
cosmosvalcons1y5wl29sfgnlqmgkz6c9xh0tnwtat2ulyssrmpg,cosmosvaloper1aj76wlhlf7rsru38crq9qn7ygyy00f9c7lxz49,1010000
cosmosvalcons1ygzptuwvgqs6lv2ne68n4r4hphy37k9dzegwjj,cosmosvaloper1a4qlael79p76my9pml6thwhnnzsxyy4ajrvd9s,44504952173
cosmosvalcons16zkvwgzdwy70l8a5f8ed2tq9ghw8cylftd5wlr,cosmosvaloper1aewyh4gtvayx6v7w592jdfylawk4rsu9tfvfgm,379541126405
cosmosvalcons1zcu7xjr06a09g3ll6f3r92q0rt88dnv29cly94,cosmosvaloper1am8wmhwta4swx8f4quvffu7hqw48aujwypp0ew,214534516335
cosmosvalcons1fpz0t2dfcnah6hck3swegv9z32zenlulwsu9nv,cosmosvaloper1am80fauk3gnzcr76ylg0yju4f0chen5xke6pwk,3188515
cosmosvalcons12slnuxt862fy3n4rwxt29szjw6xjlmk2cgmrtm,cosmosvaloper17zcpywlhgcpk7ff505vr8mnc4wwpv5fcta6enz,1009905
cosmosvalcons1vp9yf9uq7zgtcm9mk82ejd9zpgfyly7pvluafc,cosmosvaloper17r0cp9zrtkvzlz7a2r09gmdxwqfyje98l3k9h6,996081946202
cosmosvalcons1cl92j56u5cj6kpz8cvrewhgj2gupqu269egr5a,cosmosvaloper17w8wc8y2jg2fjnkfxfw8z7a84qtuvyrgd89hm4,511120176003
cosmosvalcons1swp2ztrunnxv8txqzmjg9en9y3emvh3w2qc4cg,cosmosvaloper174glllafa668rcr2qzf5m0844ve60h0urf3h6u,8999103
cosmosvalcons1yy3rgawwsmeu0n27npd23r7zfg5uj7qnk6xvj2,cosmosvaloper17h2x3j7u44qkrq0sk8ul0r2qr440rwgjkfg0gh,189743637554
cosmosvalcons1u63cqxfxh30cxasuft0csf3l3qv4lh2mm4c3rk,cosmosvaloper17cy09npjq4sylkt56kwcuqcd74hlxj3fq4hwjd,10004
cosmosvalcons1wpjugmj5gqe2rvcf0dmh8fdddnxkuggaun3q89,cosmosvaloper17eqvq9h0jyd8mxtj2xrn6ksfu54qzw4llud7z6,2564335380
cosmosvalcons1knssshcun6asa2v5g5ktrwqjfw5fhmg686lfzr,cosmosvaloper17mggn4znyeyg25wd7498qxl7r2jhgue8u4qjcq,465105140824
cosmosvalcons1f6cjsfn47ujttypx7gtncglsmjvndugc2zelqx,cosmosvaloper1lzhlnpahvznwfv4jmay2tgaha5kmz5qxerarrl,2055358920135
cosmosvalcons1trff6w7vahhwfdu02czcf46e9nlsj37fcywsf4,cosmosvaloper1lrzxwu4dmy8030waevcpft7rpxjjz26cpzvumd,392741706765
cosmosvalcons10j4jk9w87q3cvxdxtkyr8m4489p92fj3vdzlue,cosmosvaloper1l9fwl9c77zx850htsr20pq3ltc379xt86ndelm,50576278
cosmosvalcons12hfqcslyxmr7rgfxrwykrln3tmnf0g66s4ftw7,cosmosvaloper1l5rgg6k87m6x5hl50xg5q7t680d672z87gzd7a,10500087904
cosmosvalcons1a0kkjnnvuy3ylv0g5twcae368ptgk83tyalw6t,cosmosvaloper1lktjhnzkpkz3ehrg8psvmwhafg56kfss3q3t8m,160623626786
cosmosvalcons1hrvuwye2g2eys46yx6kzqvq96cdn7k49c7dqd7,cosmosvaloper1lkujuk2004p3w42tgvuvqnsdmsq8u6jqkwf9wj,235651933780
cosmosvalcons1k2lk3t2va4h73ac64jkszqp5xm47qu5ll0s5aq,cosmosvaloper1lcwxu50rvvgf9v6jy6q5mrzyhlszwtjxhtscmp,540113919917
cosmosvalcons1h3ay33d02vduusd6uhzrqnf8fjk72up7h82dn4,cosmosvaloper1lc4wdzlvryg7fk9fc39d3yceu56gv4ea4jet3z,109991
cosmosvalcons1mrctah5360lymkp8vx2fn6a9emx8dl3p030s8e,cosmosvaloper1l6udzyaz8xaxv4hpagwauacm95jlcec3xlht2u,1509859
cosmosvalcons1sw344l98xygk78kcl9zgxkfv2dl2ychkzkcrd3,cosmosvaloper1lmu2hvm0prpkmacy7lw9uy3wp7fescmsuevrc9,3733239
