address,start_height,index_offset,jailed_until,tombstoned,missed_blocks_counter
cosmosvalcons1qqqqrezrl53hujmpdch6d805ac75n220ku09rl,0,26646878,1970-01-01T00:00:00Z,False,0
cosmosvalcons1qq92t2l4jz5pt67tmts8ptl4p0jhr6utx5xa8y,0,26931593,1970-01-01T00:00:00Z,False,32
cosmosvalcons1qq0lw964szlkhgxulsak9k3g7c3j8jwvvd0600,0,558390,1970-01-01T00:00:00Z,False,0
cosmosvalcons1qzp59h4v5sgxf5d72v6gspj475m6nrluy4grs9,0,692329,1970-01-01T00:00:00Z,False,0
cosmosvalcons1qzgr0sk82ce080u78xs3cr5pat9jvtv7k85ajv,10199254,13334259,1970-01-01T00:00:00Z,False,0
cosmosvalcons1qrxwan7srvknxwsm264l0nlc56uw6fd3mq0s7v,20335942,3285359,2024-05-08T07:36:19.221875051Z,False,2
cosmosvalcons1qxdeeg55f57vxmruwv5rau743etv3fw530uf8x,0,23913353,2019-11-10T09:44:39.548038382Z,False,4
cosmosvalcons1qfrrfn5hhr7r7mrfvju4qs54epaaxd8cz5x46j,22443500,3033960,1970-01-01T00:00:00Z,False,0
cosmosvalcons1q23y3jrv0rkk4qjd2y9gk74yc8ffp5kutd0kwy,0,1260996,1970-01-01T00:00:00Z,False,0
cosmosvalcons1q2msmge7mw3jpj8v8vek5vkjnk5m5fg4janhzv,8704502,6521,1970-01-01T00:00:00Z,False,6521
cosmosvalcons1qvntfgwexyztmdfdgr768prmas8xgser8g94cd,22571465,0,1970-01-01T00:00:00Z,False,0
cosmosvalcons1qj6zmfv6gdrajwznv5vwyguzpr92te9nc93dvx,22452993,50654,1970-01-01T00:00:00Z,False,7
cosmosvalcons1qkzeaxrz5e5qm04t2ypk9sgtzesmjap63hewkf,4222317,4889379,2022-03-30T20:39:10.002576163Z,False,20
cosmosvalcons1qcyakfwwhsxckjg593wykuu933s35ssp5p4p5d,5219795,2,2021-02-20T23:00:35.984920385Z,False,2
cosmosvalcons1qex0qkzhk4t0a436cv5zrlusgvfdpukghc302f,0,4153913,1970-01-01T00:00:00Z,False,3
cosmosvalcons1qmeevnj047ym0kqc2fdsal2680ffhncpp8avs5,23529054,0,1970-01-01T00:00:00Z,False,0
cosmosvalcons1qa75pzrewfn5vuxug9ff72cvhcnuyk4n50mxtn,0,287724,1970-01-01T00:00:00Z,False,486
cosmosvalcons1q78p8uewhvqclp077y5sr93un83v5q9jpne2pd,1974900,2,2021-04-06T11:02:57.899795838Z,False,2
cosmosvalcons1pqr96s9e6jk4zf4v7zavsqesjjp4wg8axrqrzs,18037857,5495656,1970-01-01T00:00:00Z,False,18
cosmosvalcons1pzwwmhmkjfqf6nh2muvzwwtt8g2jnkrpgupyd2,22924882,303104,1970-01-01T00:00:00Z,False,0
cosmosvalcons1prcacwwfjesnpwtq36uvyd86y96rv8azq63ken,10096894,13393705,2023-06-15T02:16:37.025594692Z,False,0
cosmosvalcons1py6l8h6s693ccd0384h4wstg76hz9y8md9g247,10117533,312849,1970-01-01T00:00:00Z,False,7
cosmosvalcons1pyuu6hhg3ahyzqgh2zty2zajt5kl4t8gchwand,15052987,8480526,1970-01-01T00:00:00Z,False,2
cosmosvalcons1px0zkz2cxvc6lh34uhafveea9jnaagckmrlsye,0,26935511,1970-01-01T00:00:00Z,False,17
cosmosvalcons1p2a6xmz5m5x2dfus4muk5qw58yhrvdzltw4q4u,1132,18623858,2023-09-09T06:27:31.169249965Z,False,0
cosmosvalcons1p273248gf387pexjqxnwrtpjjdku4qd6yvtgm3,3481344,2,2021-02-19T08:14:49.467032067Z,False,2
cosmosvalcons1pdpwglc4fcjdzqvyhvfwxg684trpc6uqck5sxk,7649806,15883707,1970-01-01T00:00:00Z,False,2
cosmosvalcons1pjd3x7fu47j2mxkz87rztklrgca4mvkuhyaw2a,52549,2,2019-12-28T03:54:24.513688565Z,False,2
cosmosvalcons1p5scdpmdymvg9aa72r0dj27nedfc8q2r3zermn,0,2,2021-06-12T21:39:11.306443516Z,False,2
cosmosvalcons1p426sx80udjfxhw7pyv5tnk03ym8h7vt9qlhgu,171082,2,2021-02-10T15:11:39.658954956Z,False,2
cosmosvalcons1pcz3kz9up2645an95vvnrymt0ph4w30hnj8kkt,5230670,2,2021-02-21T20:34:31.738746239Z,False,2
cosmosvalcons1p6v2th6f3aweu4g3mu9nru5effmmelfcg0ecsx,0,271700,1970-01-01T00:00:00Z,False,0
cosmosvalcons1p7gcgvfkwnjqu4lzteea74ngatm00vvqha7dy4,21844702,3624122,2024-03-28T03:26:15.547866994Z,False,6
cosmosvalcons1p7tat3q6cw5ptslt3hcd58nvm4w3ztaxeez3pz,7639124,2,2021-09-13T12:51:58.088310359Z,False,2
cosmosvalcons1p7s0vhx5kr48mcvs92jldugmg5dmfh7ry3r935,5289604,2,2021-09-12T17:15:44.945827575Z,False,2
cosmosvalcons1zpszp9f4dgchcz5rpjmyg7rhc4pldq2d4r0u6d,5274138,100334,1970-01-01T00:00:00Z,False,0
cosmosvalcons1zz8y0lqms4r0nrm755hj237vg3yhmvdl3ss6aw,7685172,15179062,1970-01-01T00:00:00Z,False,1
cosmosvalcons1ztp25r0xd73ln4ny6q746mmdsgttdk5p8yupga,7839814,15693699,1970-01-01T00:00:00Z,False,1
cosmosvalcons1z0hr7p0jp34d3lf8e0hn8htp6hueanm0r04wd0,9908067,13625446,1970-01-01T00:00:00Z,False,15
cosmosvalcons1zh6gz89dxfnqtz4pstf7ljxemg4y54l832cclm,19652423,3881090,1970-01-01T00:00:00Z,False,2
cosmosvalcons1zckma638v6hj0cfk8dvr5tuptpm5m7n04w8vl3,10829389,773874,1970-01-01T00:00:00Z,False,5
cosmosvalcons1zcu7xjr06a09g3ll6f3r92q0rt88dnv29cly94,18037813,5495700,1970-01-01T00:00:00Z,False,0
cosmosvalcons1z6a9tflc80ywzetfplkk6yy40vd9raujd08f0t,1,2,2021-02-20T04:54:15.156224618Z,False,2
cosmosvalcons1zu87l4kh7jnf4tns5fzptlzw9jfgmch9q25f5v,7639124,15894389,1970-01-01T00:00:00Z,False,32
cosmosvalcons1rrrc6y6unkqawnmzxnday6xy0u8cn6zyl5yhtr,0,2,2020-09-15T10:58:40.117388935Z,False,2
cosmosvalcons1r9w22dkhgx23aflxheyv3ct5x2ux28q9tmvvgd,8810803,83256,1970-01-01T00:00:00Z,False,0
cosmosvalcons1rxmc3l8jzvqz5q3tll5crev2azncq8egfntczu,1,2717,9999-12-31T23:59:59Z,True,1
cosmosvalcons1rfr0zuf8e77twwxhq5cmpknsmkmlplz6rap75l,0,24020,1970-01-01T00:00:00Z,False,28
cosmosvalcons1rtst6se0nfgjy362v33jt5d05crgdyhfvvvvay,0,26436539,1970-01-01T00:00:00Z,False,34
cosmosvalcons1rt4g447zhv6jcqwdl447y88guwm0eevnrelgzc,14778937,8206874,1970-01-01T00:00:00Z,False,22
cosmosvalcons1rdw0cnp74ztrwcwutgetr6xyy02e6jyw7je75h,0,7747,1970-01-01T00:00:00Z,False,0
cosmosvalcons1rwefvuqddl8jxx92mgksnrjdgprekmr79r2t07,7639124,10988896,1970-01-01T00:00:00Z,False,56
cosmosvalcons1rnknqueazcju3x4knpnhvpksudanva4f08558z,0,25293478,1970-01-01T00:00:00Z,False,0
cosmosvalcons1r5yvrtymrfwhrd95h9dsv4xnav7tez06vpy92p,5271174,2,2021-02-25T21:25:51.170400186Z,False,2
cosmosvalcons1r557640leqeq7c9wdvxapyw79acnlj2a903456,22490772,2429656,1970-01-01T00:00:00Z,False,17
cosmosvalcons1rcswqaqrp75nsdk2htkktqwkc34w7er32r52xy,1276519,2,2021-02-11T10:33:46.255183065Z,False,2
cosmosvalcons1r6wwjn7shfw0awgply9uvkxkfkzmzdxjyma30v,0,15874686,1970-01-01T00:00:00Z,False,0
cosmosvalcons1rm28rje5uwp3z9zsnrvqxc2rg4v09uw8trcndm,3724341,6685768,1970-01-01T00:00:00Z,False,52
cosmosvalcons1yy3rgawwsmeu0n27npd23r7zfg5uj7qnk6xvj2,1,23533511,1970-01-01T00:00:00Z,False,108
cosmosvalcons1yyh9n626435fj0tyayk3s352cn8hj5d4pfa0mz,483,491858,1970-01-01T00:00:00Z,False,2
cosmosvalcons1yxv746y5egu3l2p0q8pvv99lavgr6ptvdhx306,0,26935511,1970-01-01T00:00:00Z,False,3
cosmosvalcons1ygzptuwvgqs6lv2ne68n4r4hphy37k9dzegwjj,12507920,9044526,2023-03-05T07:11:06.047048582Z,False,442
cosmosvalcons1yspgq5t6sfmp33lv5d3gun5pstmdcenaqgded2,33431,2,2019-12-15T04:56:43.861334769Z,False,2
cosmosvalcons1ysx7ja5fgvlef752n9s79gzqtg9kpqxrhcxfz4,0,2,2021-02-24T03:56:48.305400107Z,False,2
cosmosvalcons1y35q3lcg7wpwkq8pyh6s3zm0uv4e0zzhvncv7h,0,2571255,1970-01-01T00:00:00Z,False,0
cosmosvalcons1yjf46k064988jdjje068zmrqg8xh4fqqe2wwnl,334,23533178,1970-01-01T00:00:00Z,False,4
cosmosvalcons1y5wl29sfgnlqmgkz6c9xh0tnwtat2ulyssrmpg,10103291,37228,1970-01-01T00:00:00Z,False,3
cosmosvalcons1y4z96r4n205s2z43rmrpjl2aeds3npkm9akset,3320920,18165685,2021-03-03T21:01:09.498386371Z,False,7
cosmosvalcons1yk5ag5kntufq2zk7u6e3jd9mshpgzltk7knpja,3119831,20370556,1970-01-01T00:00:00Z,False,1
cosmosvalcons1yk4qkqhmw97mufwnldqhdy5fcc2lev96u57qyr,644758,2,2021-02-21T17:46:00.145172871Z,False,2
cosmosvalcons1yaz7eg96e78hkxlck76rgc5mfuvv0wjz3spkuv,399,1954872,9999-12-31T23:59:59Z,True,0
cosmosvalcons19qj454eqner3yn5p5w808vxwr9ylwjhwjpyq30,22443500,7466885,1970-01-01T00:00:00Z,False,6
cosmosvalcons19yr8ml3n22jqfqwm05g7u393pgg0cs5smqryuy,8970623,9168186,1970-01-01T00:00:00Z,False,2650
cosmosvalcons19f07eunv876rgf4vdv7mtzj6h3vqpu4qtedw05,231548,18509967,2024-03-14T01:46:02.860602728Z,False,1
cosmosvalcons192gnt6ypvzhs2ty6hwelvvqa0kv7ywzgvqaj5z,948512,3540184,9999-12-31T23:59:59Z,True,0
cosmosvalcons19vv4j3ph7xfqkkhkgc06hqdwextepl43uhje7j,0,1561773,1970-01-01T00:00:00Z,False,0
cosmosvalcons19wd9t5alj0tnwhwjq7m4chk562u3my2xwt72qg,0,26883560,1970-01-01T00:00:00Z,False,1
cosmosvalcons190run3dv8u23yudgf429e3t0ax0n5murgvucs3,22443500,15513,1970-01-01T00:00:00Z,False,0
cosmosvalcons19s49axu7lyp3vnazh5l3gpt3mhcz5qxvucqyks,5685779,17847293,1970-01-01T00:00:00Z,False,1
cosmosvalcons193fg6g69a4hf20qupqv79saqr2luhf2hladw0j,0,13732092,1970-01-01T00:00:00Z,False,1
cosmosvalcons19jyz646kt6r2nmkrgva32qjl37trrpznzt2nr8,4834041,8465231,1970-01-01T00:00:00Z,False,151
cosmosvalcons19jy2f0h5d6ve9nnxy3tvj34xfw2lpv2s7zkvm4,0,2,2021-02-21T19:01:02.988026769Z,False,2
cosmosvalcons19jwvcvtlk2pa2jk8fzpc5e8jjyrq88j3h8y9v2,0,13004315,2022-05-17T08:23:46.312848069Z,False,1
cosmosvalcons19nt2x53lt4s4w0h3udj5kss66ggul6xuu4sxxk,23473872,1101022,2022-04-21T00:22:43.866835903Z,False,349
cosmosvalcons19h9jfllccy8hdq4ee679jrltjtkpk7ymh0f7zt,209275,2,2019-12-29T11:19:12.053419535Z,False,2
cosmosvalcons19hu8r09xwvl78tfn76dqd792cnrttwcq8fpjr3,18038953,5494560,1970-01-01T00:00:00Z,False,55
cosmosvalcons19mlnqumq4njrf0d2u244p7c4tffy4te3anl4kx,0,2,2019-12-12T12:08:18.459331455Z,False,2
cosmosvalcons19ae9w8e7vd3658ew8vg8c77gkjc3f8j733xmnf,5250174,2,2021-02-23T11:11:31.970797135Z,False,2
cosmosvalcons1xxfqlx7r5wdkdpmvcltdtevfuype80cwmrrtae,0,26935511,1970-01-01T00:00:00Z,False,20
cosmosvalcons1xd3737tmqtkvqq5fuush8kp82scy0tx6882l4q,20004621,26923262,2024-04-14T07:59:41.502140937Z,False,22
cosmosvalcons1xde5ku0a70qnen8s3fctnypg4gj206p8um2u7s,22338696,1311690,1970-01-01T00:00:00Z,False,0
cosmosvalcons1xwe7qdcykmk6pw8thk8edcss6d35gace0l858s,5373439,2299300,1970-01-01T00:00:00Z,False,0
cosmosvalcons1x0yektnehzr6mg3z3eflkm4qqz4esveh8v9meq,509811,9170877,1970-01-01T00:00:00Z,False,3
cosmosvalcons1xsehlmhrdvpue82unavmxzxquvtakcrupua5p8,0,2,2020-05-13T04:47:39.453562422Z,False,2
cosmosvalcons1xehrmycytwkgddh05sqvgjgy7ecg4972pv35st,310246,522283,1970-01-01T00:00:00Z,False,0
cosmosvalcons1x6hw4rnkj4ag97jkdz4srlxzkr7w6pnymshf3v,23359735,239122,2024-12-04T07:03:02.056257177Z,False,3
cosmosvalcons1xlpffku93h3me6dc9r657rkygc8ql3dtxasg27,22516325,1017188,2024-10-03T07:09:57.518961865Z,False,10
cosmosvalcons1xly2n8wp2gudg57ql0h8c2ktah7j0s0yjr7nsn,11262282,12271231,1970-01-01T00:00:00Z,False,18
cosmosvalcons18z5h84jguzthd2u6kzqmswc9vfcag75dv9hzt6,58526,2,2019-12-28T15:39:57.007563234Z,False,2
cosmosvalcons18zawa74y4xv6xg3zv0cstmfl9y38ecur8wztz7,5241671,2,2021-02-22T18:21:30.391899203Z,False,2
cosmosvalcons18z7asrytca436tlxr6lldxvdhpdpa9l7rc8fwx,8714005,289,1970-01-01T00:00:00Z,False,0
cosmosvalcons18y9ttwxyuvdx9xshnjxj3zkukcudagj974gf2p,1458863,221197,2020-12-02T08:15:44.378149093Z,False,30
cosmosvalcons18xt8rsh7fvn3fmrwsl2wu32w790n8232mlz4p6,0,12945707,2023-12-15T04:32:52.340250957Z,False,106
cosmosvalcons1884dj5gzzv5k8vjhudn0exzjre6dl35s3c7prd,16123749,6237127,2023-09-10T09:52:18.604061958Z,False,2
cosmosvalcons18g9wwl8k9nv5yr9q5hqparw4w3qkwmju3mz6wt,22470112,1063401,2024-10-03T07:03:21.150457528Z,False,23
cosmosvalcons18fntfdwyx2dpf4z3j4w5qwahv0dvmp72x69edj,12666456,10867057,1970-01-01T00:00:00Z,False,6
cosmosvalcons18dyu497yj6grx936sus49pcy38k7huyq3cflu7,7682273,13403964,2023-10-26T04:12:22.553760449Z,False,0
cosmosvalcons18wz9exh3660flwmzpd56kgnt9zavj7v9uum0aw,10378673,13154840,1970-01-01T00:00:00Z,False,17
cosmosvalcons18sg9jk5jf4zhzaw0kld2mtvp2eufk6n7z2hm6f,0,2,2020-10-06T12:35:49.654990295Z,False,2
cosmosvalcons184xnl2jk8055m6cguaruage082m07tkjaqut6h,18249906,43659,2024-01-08T12:28:05.399857483Z,False,8
cosmosvalcons18k8tautktewg7v36vmjweqjcjvwurhey9sl7fa,0,2214996,1970-01-01T00:00:00Z,False,430
cosmosvalcons18hzd6cggzasx449gl8tk9grg4q0gws0z52nvvy,14487705,9045808,1970-01-01T00:00:00Z,False,0
cosmosvalcons18eg64zpqxmt6wru5705xg94hvqdh3hvv94e3cm,7502448,5209552,9999-12-31T23:59:59Z,True,952
cosmosvalcons18ewwe89v7dsg07xs8pwdudaw5aj7vpeyfynqs5,418088,2,2020-01-21T13:45:12.836704664Z,False,2
cosmosvalcons186naft4qsfyp8da5fz662ncpmv37lpjszpz0d0,7644744,183875,1970-01-01T00:00:00Z,False,1701
cosmosvalcons1gpl3gngunh4yae4ge0pdfspz5et4q6ury3yyvp,0,10356701,2022-12-09T09:11:51.168509644Z,False,0
cosmosvalcons1gyk422n398zfdt2v8k420nhhpzw88v2q9ews9j,284470,2873710,9999-12-31T23:59:59Z,True,140
cosmosvalcons1g2yl08tdkvcfdwkuxe5crdnrhg7t87zma4y669,18037647,5495866,1970-01-01T00:00:00Z,False,4
cosmosvalcons1gtt8qhn3vcttff2y90d2q59hcm5lmhjrr5menw,0,16588629,2021-07-13T21:18:36.297179232Z,False,0
cosmosvalcons1gvz5lwpu389ajz0s5ssqm59508mk2lscav4emm,10563361,56907,1970-01-01T00:00:00Z,False,0
cosmosvalcons1g0y9af53vvmh65sv3gmplc7322qc49c23hpjph,5246486,2,2021-02-23T04:56:50.318015349Z,False,2
cosmosvalcons1gnc9st7tywcygp6yx6gxlqsxeaj4ztpk7255q3,22443500,0,2024-10-04T07:21:31.907633925Z,False,0
cosmosvalcons1gk3kk2ccwstmexjg3gv7wx6gh4qhjnmceac446,0,2,2019-12-14T00:14:59.091467731Z,False,2
cosmosvalcons1ge6evc3c9l9503a8hup9tqayzks9zslgjxma8e,12565844,4425737,2024-02-11T02:06:10.487655904Z,False,3
cosmosvalcons1g63l3wpe8w4p20zqu4ezat5zagx53vedf849wa,23303247,25943446,2024-11-30T12:38:57.939737985Z,False,21
cosmosvalcons1gaftyyhktnmw6wvtdm75cep6yjamkj29aev4pn,5257023,2,2021-02-24T00:43:57.660250483Z,False,2
cosmosvalcons1gaekwgvvn7fv8tvekhtnfg6xealg5v58tm39uc,10212421,13312287,2024-02-18T14:13:26.813017531Z,False,0
cosmosvalcons1fpz0t2dfcnah6hck3swegv9z32zenlulwsu9nv,10096338,3205,1970-01-01T00:00:00Z,False,25
cosmosvalcons1fr74vrfukz649yjvhs8ec2ax3zpl5yf4z0g669,2002548,21518177,1970-01-01T00:00:00Z,False,0
cosmosvalcons1fyr09ffnfkgx5nrrl85av9f8486e8380f3mvng,0,7604558,1970-01-01T00:00:00Z,False,0
cosmosvalcons1fy0fqksv7lzuyls6up8x84g5tk6nvl9gf8rts7,0,676456,1970-01-01T00:00:00Z,False,1008
cosmosvalcons1f9d60e6ecr7aurzl75se2zy6rxshfzmssj8us7,14778713,8752230,1970-01-01T00:00:00Z,False,1
cosmosvalcons1fxalkxap5ag99cezd68purh7kvu33w9jhtryqq,20602921,3411568,2024-05-26T15:48:00.772266296Z,False,4
cosmosvalcons1ftmf66j5xmpsudvyc93ggv772hn430x2kj93pq,20710216,6235042,2021-12-15T14:36:40.368878575Z,False,1627
cosmosvalcons1f3f4zwtcujtyx6tdm48dg7dzmcnx9h7sntex8v,1,344393,1970-01-01T00:00:00Z,False,0
cosmosvalcons1fjfzxravzc3s8kvpcpkayfnr5n78vg4u68zz0s,22443500,4424703,2023-01-12T08:27:04.628403491Z,False,0
cosmosvalcons1f5kgy3dt7ju9sdwt3qhwu9ptzwsq4nd4qp6250,0,1305784,1970-01-01T00:00:00Z,False,27
cosmosvalcons1fk40vpthtph6qt8lugk7r4fl7dplp7a0tw6ltf,22443500,0,2024-10-03T22:53:25.096226904Z,False,0
cosmosvalcons1fev8nc3wgxl8z2m0e7w4jehn8c3jpvcn84ljqw,12600526,2403650,1970-01-01T00:00:00Z,False,1
cosmosvalcons1f6wt886tr7npwvuhgjjkqzmzsqn9945uym9g3q,0,400861,2022-08-09T15:24:57.916557548Z,False,1942
cosmosvalcons1f6cjsfn47ujttypx7gtncglsmjvndugc2zelqx,2567696,20965816,1970-01-01T00:00:00Z,False,1
cosmosvalcons1fmtucspcsvljafd28ax5f3vpernuhkrz3d0p9g,7673365,2990198,2022-03-19T12:56:38.192193758Z,False,0
cosmosvalcons12ys9vkd8zl0lh9hq2nut6yggwv8p0t4882vg4k,23267992,18086437,2024-11-27T14:16:27.180350953Z,False,115
cosmosvalcons128dj2e3qfm3xvsn74znvkuvcxk43wzlfngfrz8,0,26925829,1970-01-01T00:00:00Z,False,270
cosmosvalcons12tskgcf5gv4lj5etfzqudmfjus9wtgka8znl6y,0,26839243,1970-01-01T00:00:00Z,False,8
cosmosvalcons12slnuxt862fy3n4rwxt29szjw6xjlmk2cgmrtm,0,2,2021-09-13T02:17:51.387056258Z,False,2
cosmosvalcons12ktgr0zs690n9r8zgj7qy7mrdvtt498p0lfum3,23191930,0,1970-01-01T00:00:00Z,False,0
cosmosvalcons12kemllkwh7sw2ldrytgd5f3vzd4frynvkh5q64,10158812,0,2024-03-11T20:42:13.387592282Z,False,0
cosmosvalcons12hfqcslyxmr7rgfxrwykrln3tmnf0g66s4ftw7,0,2,2019-12-12T12:08:18.459331455Z,False,2
cosmosvalcons126dsn63ajcrutudr3hkcrnkjvnr649xtk4kxd8,4268404,9865762,1970-01-01T00:00:00Z,False,11
cosmosvalcons12uccfrsey4mst23ge3l042x8prhqzn2j6fffxd,0,13732077,1970-01-01T00:00:00Z,False,1
cosmosvalcons12acnhd6zr3l7kwqmsclusl0dt6pf42tpw50hqz,0,26713549,2023-11-12T13:41:53.838849439Z,False,976
cosmosvalcons1276g2lvw5h6yf09vaw2v9jw0zgeqjlc52e2flf,0,2,2021-02-20T03:09:50.092655370Z,False,2
cosmosvalcons12llty3s65alvwqpkccmgjzu0gl95ljcdxq7pke,0,2891,2019-03-31T08:30:01.487112715Z,False,2331
cosmosvalcons1trff6w7vahhwfdu02czcf46e9nlsj37fcywsf4,18037846,5495667,1970-01-01T00:00:00Z,False,10
cosmosvalcons1tyh30wuv7d42xkr8vk0ckr57wms3hna6valwtm,12077632,11455881,1970-01-01T00:00:00Z,False,16
cosmosvalcons1txkxwgrg77h8tmv02vq0cvnpey4epxs2qq3s3d,10096561,8790058,1970-01-01T00:00:00Z,False,0
cosmosvalcons1t8p8pdmq6jdzsm3dsurv8877vsvjtdwwkxq2cu,14923863,8608495,1970-01-01T00:00:00Z,False,67
cosmosvalcons1tfvaep6xl4e8lhw4e06uhwgvdaskenumhk03w6,6042374,17491139,1970-01-01T00:00:00Z,False,2
cosmosvalcons1t2e48d6g630jph7wr8tnh2ylymsuxn8huya638,0,0,2023-06-22T11:22:31.395808655Z,False,0
cosmosvalcons1tv39l3tynf8lrt0fh5yf9lv3d0lluj8suxs83h,12485537,0,2023-07-22T16:20:35.017690985Z,False,0
cosmosvalcons1tstkqk7whnsn57a93ksmuqt4hq5pa9jxzuulvd,20750443,2783070,2024-06-06T14:57:05.566810360Z,False,5
cosmosvalcons1tn8at2pzkrhy6u5dfq9vns3v8dz4apvyku4x0k,0,684195,1970-01-01T00:00:00Z,False,0
cosmosvalcons1t4gal4phqcqsqg7y2phdvnzkkvuk4s4rxtdtvs,22574351,756095,1970-01-01T00:00:00Z,False,1
cosmosvalcons1t46pjekpy7m0vmqfejrde8j2ct3gyc78sgr66f,10100083,13433430,1970-01-01T00:00:00Z,False,13
cosmosvalcons1tk0ggav5nyzthj9hp3pzx87pq38ypmsjjt9l60,22627850,1563602,1970-01-01T00:00:00Z,False,0
cosmosvalcons1vp9yf9uq7zgtcm9mk82ejd9zpgfyly7pvluafc,19266332,4267181,1970-01-01T00:00:00Z,False,2
cosmosvalcons1vz42ewp04wwepjed7z4qenj925gpakgvap4q2u,9960530,13568417,1970-01-01T00:00:00Z,False,19
cosmosvalcons1vrj9ryfsxsgdx2xn6r399a0tc3zkyez2ps6e4t,11889775,4501054,1970-01-01T00:00:00Z,False,84
cosmosvalcons1vr77947tgxcf8rgn7w9tcyx83pn200usmnryd4,10096338,55879,1970-01-01T00:00:00Z,False,1
cosmosvalcons1v3dkh99aq5jqg3avzxml72psmw7ylqmgxx70tf,946076,2,2021-02-21T22:33:37.591174424Z,False,2
cosmosvalcons1vnt33u86vws3mcew9rhsqn7nwmw9xd03vvcpxs,1,2,2019-12-12T14:15:30.988294420Z,False,2
cosmosvalcons1v4cedgzm0m880nptj6jw7675t48zl4w9zse9ml,9520828,1235999,1970-01-01T00:00:00Z,False,110
cosmosvalcons1vehl4dxx32e70w8fvkhnxg3wph7970es74xmhj,5294823,2,2021-09-13T11:49:38.154057693Z,False,2
cosmosvalcons1vu2xpycvehymqmzaq40y64gwhrd0y2g77ec8vl,0,26935511,1970-01-01T00:00:00Z,False,11
cosmosvalcons1vu4n4002vv0v5e2f9zkafv2edld45943l5gw6f,23529993,7678884,2024-12-16T01:12:03.750546050Z,False,0
cosmosvalcons1vaydvvhqpefy0s3x9mafdh55d5dwasetslkzq8,7674934,2,2022-09-07T13:58:50.179368529Z,False,2
cosmosvalcons1v7dcj7zewwlff48alzmxlp9f9xfjayw9qznplh,0,15637956,2021-10-05T00:03:04.980335653Z,False,20
cosmosvalcons1dqt442y52cyvpe42p6ky9pxk9xg5qlptpdvf8y,0,5650,2022-06-15T16:17:27.657328288Z,False,201
cosmosvalcons1dre8q72eph9vcwkpcjyj5xsq3u6g7kt0q0pn3n,22443500,8759710,1970-01-01T00:00:00Z,False,1861
cosmosvalcons1dr6mh6kw7y2vwg82njvtlghlmcqu2n730pfk8a,0,25996920,1970-01-01T00:00:00Z,False,216
cosmosvalcons1drmkvw6nrf2m75kquz6v674gcxznhlejtnc9g4,12721481,5269863,1970-01-01T00:00:00Z,False,15
cosmosvalcons1d94te9gcdlt95pc9ps52kqxfxk9rz5psfatv7y,0,12084507,2022-07-29T04:52:04.285883328Z,False,129
cosmosvalcons1dfx3ffavnd8hclegmjgydegzn5dlp86p7wgc75,23249384,13446186,2024-11-22T23:49:56.094163410Z,False,0
cosmosvalcons1dfg42n5vpne3vkspce66nz3v8zmwk5fv8yl7z9,10096338,9711000,2022-07-22T11:27:29.826725166Z,False,0
cosmosvalcons1d028q5ppxv4fpwfrjlvdwt9rj5xtsk8t7qzwxh,6196937,16610769,2021-07-13T21:18:36.297179232Z,False,21
cosmosvalcons1d38vz84cj7ukffcxl5p24quh0weluz2jnwk6uk,17054064,6479449,1970-01-01T00:00:00Z,False,20
cosmosvalcons1d3gvc39578wr927jjuxc4nktyp9vemu9ukxq43,10096338,13437175,1970-01-01T00:00:00Z,False,0
cosmosvalcons1d3tm8uh4lhqgf7x3dtf70lsp3ggg4pdyerj6yj,3586214,2,2021-03-08T05:17:06.462228227Z,False,2
cosmosvalcons1dj6867rt9u6scyaxpwmh6wv2eqhfqzv9favv9l,0,15778024,2021-09-22T13:36:12.704633616Z,False,6
cosmosvalcons1dnuy2y503nhylek6dspadfurzdy73nedcsdxtg,22461033,0,1970-01-01T00:00:00Z,False,0
cosmosvalcons1d58n20z28sar58ytwa89cgu0uak4ju3e564sct,1,2,2019-12-13T04:25:14.659708638Z,False,2
cosmosvalcons1d4cplfv4xf5gmutt472jzym73s2vhvckjadcn2,9937712,13595801,1970-01-01T00:00:00Z,False,19
cosmosvalcons1dh73sfcgpt50qd8hx0u39x0t9rplkx9zftknjq,21090,2,2021-02-20T06:28:47.118568475Z,False,2
cosmosvalcons1dc3rf7yps9a8mwvh6k2qq5v9j8mf9g2vk82hp9,7838683,7660423,2023-06-25T18:43:01.113489131Z,False,0
cosmosvalcons1d65x8dzt5d5lww0x2k2hwrdtjtyf4ysjdyv245,5915501,17618012,1970-01-01T00:00:00Z,False,19
cosmosvalcons1duezht6aw02uwun3jsvsrvwcverk6hyspyy3cn,21965406,1222590,2024-08-22T07:35:26.398602171Z,False,245
cosmosvalcons1da05faha0ngkgtlm3vfzzkaws99phcyv2saznk,0,2765,9999-12-31T23:59:59Z,True,2
cosmosvalcons1wqlhsr893rkkgpheu4lxuyttn03yg0m9gf5xhf,7891630,1424590,1970-01-01T00:00:00Z,False,2
cosmosvalcons1wpjugmj5gqe2rvcf0dmh8fdddnxkuggaun3q89,23529886,0,1970-01-01T00:00:00Z,False,0
cosmosvalcons1wz8amnsjrndd55p09vp99lh38ld2x8jsmswdm6,0,2,2022-04-13T16:17:17.284529547Z,False,2
cosmosvalcons1wrzmfenhn3v6yn8aj9r9s838qgwz4mpx3dsgl3,0,26743075,1970-01-01T00:00:00Z,False,14
cosmosvalcons1w9rjwy2t4lln3hknhcc465q4wcnwq4sa2snfel,38524,2,2019-12-15T14:49:09.815854687Z,False,2
cosmosvalcons1wvkwaa2vxaxac6k7e07hq7h06pl7ms2rt2x4d9,0,0,2023-06-23T03:55:44.044607303Z,False,0
cosmosvalcons1wdx5ghv9gkfua7uw7rzy86fr3ur7waa2dtyegj,21893170,11079070,2024-08-25T14:53:21.010716355Z,False,9
cosmosvalcons1wwxfha30hvalxz2xssw4m58v0j5tsj4jf6ll5v,0,1798048,1970-01-01T00:00:00Z,False,4185
cosmosvalcons1wsstw0cs9zdv5x9ve5wtt2653qkqf5k4pkd5ex,9981410,13502580,1970-01-01T00:00:00Z,False,4
cosmosvalcons1w3w0w9fvy8u49a4amtcpe57cd5mtd7dpqzpg6p,0,379304,1970-01-01T00:00:00Z,False,0
cosmosvalcons1w3uqjwlahv848a5fmd6a4zgy9puh08tvsh43pj,0,2341922,1970-01-01T00:00:00Z,False,9
cosmosvalcons1w59c8npeqan7xcvy6nx5463jzprr83ss5t49rv,22443500,0,2024-10-03T20:20:37.780060108Z,False,0
cosmosvalcons1w4q9wwln8gd7k0w5gkw972a5lhdf5tz59qhtjj,23875,125206,1970-01-01T00:00:00Z,False,4
cosmosvalcons1wh8hztqt3wa7z70m8s0xgauhzyx9dhygy2404q,11839583,9446115,1970-01-01T00:00:00Z,False,0
cosmosvalcons1whdtx9h5egfk0afj4dc6szml5edtdype42hm00,0,26919947,2023-07-27T09:18:17.132724873Z,False,104
cosmosvalcons1wctrn02xrx5yd7tl3nhn3a8wyg7z5vs7303c7k,13891875,2066565,1970-01-01T00:00:00Z,False,367
cosmosvalcons1we6v0lnevz6gdwss2tdzyh65zx2cp6m5c80595,0,2,2021-12-16T08:50:58.294562162Z,False,2
cosmosvalcons1w652n2q4zf27ne5739yeel5uhphaqgmj699fgz,23288599,837849,2021-12-15T14:36:47.677890523Z,False,1
cosmosvalcons1wuryw4luc7pglx9nx5jmgkvakr7s3hphsy9a3j,0,2371588,1970-01-01T00:00:00Z,False,6
cosmosvalcons10q3r3twa4vs2n9xl9fn9q6n0m9cxewv0rgtrs6,23332167,8316640,2024-11-30T12:39:32.358773975Z,False,0
cosmosvalcons10zstm2nfykapjsmvmu4p3l8rxlyv23fqjjlcy6,22662221,2820967,2024-10-17T14:32:14.671578010Z,False,4
cosmosvalcons10rca02th8lyjyuu7pgmstf72q6l2xzyru7zluq,10310,16470343,2021-07-24T11:12:55.482026968Z,False,20
cosmosvalcons10g8xvmt5skltmsnhrvr9zvptk2n4kueupjzga7,0,276,1970-01-01T00:00:00Z,False,0
cosmosvalcons10fqk678xexhu7y2ef89qjtnphnvahzsc30vjap,0,2,2021-09-13T11:49:15.114941866Z,False,2
cosmosvalcons10vazaljm8lxlsx0u75nqwv2valj82jak592py8,0,26935511,1970-01-01T00:00:00Z,False,1
cosmosvalcons10v7sra65mluywnksudvgzt75xlsf8zwuzsq8r3,0,26297442,1970-01-01T00:00:00Z,False,10
cosmosvalcons10j4jk9w87q3cvxdxtkyr8m4489p92fj3vdzlue,1186512,2,2020-09-25T11:36:53.132180931Z,False,2
cosmosvalcons104cjmxkrg8y8lmrp25de02e4zf00zle4mzs685,35537,2,2019-12-15T10:59:02.411979335Z,False,2
cosmosvalcons10hp84y4am0mfjmtp6f4spce7wf225qfr3hw2un,0,2,2019-04-23T12:15:26.783252606Z,False,2
cosmosvalcons10e30gm9ua8a3me2yvqrdd5hwlwprfrdqupymyc,9259752,0,2023-07-23T16:06:52.077038834Z,False,0
cosmosvalcons10e4c5p6qk0sycy9u6u43t7csmlx9fyadr9yxph,278244,615501,1970-01-01T00:00:00Z,False,0
cosmosvalcons10u39ewdv7lf5exfcq7nlnjem9pgnsm0ptf2hw8,0,168913,1970-01-01T00:00:00Z,False,12
cosmosvalcons10l96ejcj2c7gsglga0kgcr09srwcclcyg6zcym,711856,4226289,1970-01-01T00:00:00Z,False,0
cosmosvalcons1sqghwtkhmheve8xh5jxgcz4zfphf7n5huz7kah,4517687,0,2024-01-19T23:40:06.593590501Z,False,0
cosmosvalcons1szyclvg6kqql2d65yxgdq82as422cfhk3x4jzl,0,2,2019-12-14T19:24:40.127788014Z,False,2
cosmosvalcons1szxkkp22pdknla04atc2vh8uvnz587pnwa9sj9,0,24518450,2019-09-23T04:20:07.163539573Z,False,10
cosmosvalcons1sxykfd8mxmfgzzwrapfh0zenyvdj030ud35k24,0,4736667,2024-01-19T17:17:35.816246973Z,False,305
cosmosvalcons1sxt9l69pt75q0ryjqtejun86wtu9723zyaezq8,22329712,1203801,2024-09-08T05:17:47.489595135Z,False,29
cosmosvalcons1s23urazh09t3lfevm6ger7avhne4zwd3u06eqm,0,22996,2019-04-26T20:50:17.894600318Z,False,41
cosmosvalcons1sv5xglesnj92zjxd54v4z30p8ez4efcynxv67s,0,2,2019-12-16T05:24:25.261410586Z,False,2
cosmosvalcons1sveqdx72n5f9uu4lsljd59evn6pmjr75pjq2fa,0,5667878,1970-01-01T00:00:00Z,False,1
cosmosvalcons1swp2ztrunnxv8txqzmjg9en9y3emvh3w2qc4cg,11089,2,2019-12-13T09:40:59.515933589Z,False,2
cosmosvalcons1sw344l98xygk78kcl9zgxkfv2dl2ychkzkcrd3,1,2,2021-12-16T08:50:58.294562162Z,False,2
cosmosvalcons1s02utaepdyzr7483efcfteyghte7sj00h6fgtr,0,2,2021-02-20T03:10:04.334703123Z,False,2
cosmosvalcons1s0686a68krmr8f46ph6fklw0v8us4gdsm7nhz3,0,13507718,2023-10-20T13:57:14.682640159Z,False,2
cosmosvalcons1s347fuu7xy3d9gknle29fcjkzpe7j4fc2dk40r,0,16958973,2021-06-12T02:23:18.237325708Z,False,21
cosmosvalcons1sjea3y3t5tey5w280mq5j4uer0s6uam9nthe0r,9534988,13996510,2023-08-02T22:33:28.993940967Z,False,117
cosmosvalcons1s570cndhsf6ek2x477fcnehjlqga7hlu7g6h35,5220669,2,2021-02-21T00:44:57.088128032Z,False,2
cosmosvalcons1s4fsuunlj5a2l83vg436x3yncth454wv333xse,12689264,10828537,2023-05-20T04:16:45.210568728Z,False,3
cosmosvalcons1s6gvgluy48l9wkl486f2pjjjeh8qfjfrpwa0df,22652030,838760,1970-01-01T00:00:00Z,False,20
cosmosvalcons1saxk42pc8p98ng756p39g8u3halrr0d64grcp3,0,4758494,2021-07-13T21:18:27.066533743Z,False,515
cosmosvalcons1sl9v9jmy6hrves676uf7nt3fh0u2e54ka0mcxr,8704624,3537,1970-01-01T00:00:00Z,False,0
cosmosvalcons13zn9q304aegz2cyzdks87uum4846s3cvt3rfll,9748502,13142710,2022-05-06T15:03:05.085744405Z,False,6
cosmosvalcons13tgt47xw60a4p6q24czs8gnah559wet7gszhsx,23142358,2860073,2024-11-19T06:10:49.435875608Z,False,0
cosmosvalcons13tgd82t0fvj24dc7wlfjk3rq4z86hpculkwnt5,0,373528,1970-01-01T00:00:00Z,False,0
cosmosvalcons13drenmupm8zr0hf0d3ys6j29dwjgkr7kxd56y9,0,772681,2019-05-31T20:46:13.072959882Z,False,0
cosmosvalcons13s7fqcn6d30zsc896yza90v7j0y575qvxp78sg,2539839,2146468,1970-01-01T00:00:00Z,False,1
cosmosvalcons13jyq92fpz9qkn5jcrn2xu09xs5lk72nltzjkt5,6449,15810858,2021-09-19T03:29:32.213647330Z,False,0
cosmosvalcons13n5y8czvfzmcvnu9drarn6gw5yl7vkr0y6sy09,1685943,3952081,2020-06-11T00:52:34.417523181Z,False,0
cosmosvalcons13kstvzauw32cdp8utu6a2t9qw8usuve5mfg6c4,18373,2,2019-12-13T23:47:47.902654Z,False,2
cosmosvalcons13h3hfdz0hv24fts20tny278mvg2pxsl8f38l5r,22515533,0,1970-01-01T00:00:00Z,False,0
cosmosvalcons13c8wx7mmrgpcm529uv83a7ta7dseaapfj2eket,0,23230317,2023-07-21T22:19:56.013045809Z,False,21
cosmosvalcons13m0gh22aertrvdug3vahxjy4x9u4nv6dzzmwd5,33767,55589,2020-02-02T09:04:11.169591908Z,False,22
cosmosvalcons13utglz4zhpwr9r08vtapx3w9s9fmvud8xprdne,14651910,8881603,1970-01-01T00:00:00Z,False,0
cosmosvalcons13aq2g6rnz438r390zlrvpajffazkas8psmvj99,14379511,5374978,2023-12-26T22:48:30.783483082Z,False,1
cosmosvalcons1373rsraxfvfzgfeq99cv7y4afxgmf3kjr2jq6k,94317,826370,2021-02-19T08:14:49.467032067Z,False,0
cosmosvalcons13l3ul7n2q7cf8ezphwzd5xmd406n473d8t9apq,22443500,718036,2024-06-04T07:39:46.634115932Z,False,7
cosmosvalcons1jp4sw2hd5pfmr9jrg4hx8hkjxdjq6tv3qfq2wj,9301067,13658426,1970-01-01T00:00:00Z,False,91
cosmosvalcons1jz54zpamvjcc6uzhy7jpku2asu3k29wskenap2,10096338,94419,1970-01-01T00:00:00Z,False,0
cosmosvalcons1j8yz8f6ymeg0j8qh534kynkl3ac4pf7a4xhrhr,0,13051856,2022-05-13T23:37:53.065817826Z,False,5
cosmosvalcons1j3v4haj920nqs789cegvewq57qpnacm57j4gqh,10096338,21195,1970-01-01T00:00:00Z,False,0
cosmosvalcons1jj9mfqeft03jpccn7vhu4t2jv4hy565mp08pq9,0,2,2019-12-13T07:19:44.812941043Z,False,2
cosmosvalcons1j4dy0j9vscegyhw5wh5sjy75p2cf60a53qkgch,19649101,0,2024-03-21T22:52:00.004004656Z,False,0
cosmosvalcons1jhsxp5rhzvrsl6vz9ak9p0tkhn9lnut6ehz9ej,0,15500250,2021-10-16T23:24:48.376817978Z,False,122
cosmosvalcons1jep8l8h4zrqwz44qr68wl6vrrygcnrp96lylcv,7688318,175381,1970-01-01T00:00:00Z,False,2267
cosmosvalcons1jm6s0mqqwykp5n4p2mndafq3azgxyc2kf3sdn8,0,2,2020-10-07T14:23:08.344856802Z,False,2
cosmosvalcons1jufcrrd9gze26sxd82ppse03eg5g5xa2gplt6p,7652208,15796547,1970-01-01T00:00:00Z,False,2
cosmosvalcons1jaz4ufg75lu3hzqrxkt8fheyn00nkd0ntrnee6,350062,979882,1970-01-01T00:00:00Z,False,0
cosmosvalcons1j7936y5vdvh6c55v07tt05hdmhuz5xu77qyga2,13713368,9819309,2023-07-21T22:19:56.013045809Z,False,2
cosmosvalcons1j7uerzja8ved5dqqxgz76ndr5g34ecx2dtfhd6,19875,2,2019-12-14T09:53:03.125606707Z,False,2
cosmosvalcons1nru4ehwwkrrf2pkkp845w3ddjlyls290mvj08y,48525,2,2019-12-16T10:12:19.233630916Z,False,2
cosmosvalcons1nydhgtxgvc95qvslw7rnv3xpj5v46stcadxez4,0,2675873,1970-01-01T00:00:00Z,False,0
cosmosvalcons1nycy42dwasflemc07uklez2nyul72kduyxht24,1625567,2,2022-05-11T05:25:35.058129892Z,False,2
cosmosvalcons1nfdjvtyrppgerw4pk3f7c9hy04e4guhd3u6p85,22503976,31744,1970-01-01T00:00:00Z,False,0
cosmosvalcons1ntg25x9f9gdyxazzdmvmsxfdr4kr6f53nhwys4,10096338,13437175,1970-01-01T00:00:00Z,False,0
cosmosvalcons1nwstsw6cnc64xx9en3tan2hppv3wk7am86yxj8,7639124,2,2021-09-13T12:51:58.088310359Z,False,2
cosmosvalcons1ns2u9ech60wedtcfynfrgsz6ax9390nlfywkk4,16401661,7124201,1970-01-01T00:00:00Z,False,4
cosmosvalcons1nstujnmnzwa56msxg2rmam096wygazz4y6as4g,23034767,27908,2024-11-09T08:38:18.981783234Z,False,36
cosmosvalcons1nnecnhxz9uq8pfjpuah5sdtxkgacxj6fajk8kn,11604429,11855532,1970-01-01T00:00:00Z,False,16
cosmosvalcons1nnu2u874qluh5p2z2pvzlljjjgkg6dc9mwtxn3,8373726,10784445,2023-10-20T13:56:41.975173229Z,False,0
cosmosvalcons1n5rmxqwj8328yek4t5dkckncefrn8qap29nhqw,0,3275680,2020-01-25T08:38:57.815140271Z,False,0
cosmosvalcons1nhzqzgyehe6rrzg8fwz7fxy34canlm5m6dm4wg,0,26922858,1970-01-01T00:00:00Z,False,0
cosmosvalcons1nhhtefq2d6dh36t7gspx6k6zctcy9c8vf9rycx,8392046,2148176,1970-01-01T00:00:00Z,False,5
cosmosvalcons1nhuwxwxgt6rehjztp24z3gytgvdatd2g7kndfm,0,25823064,1970-01-01T00:00:00Z,False,21
cosmosvalcons1nczylhnj6eg2rntf00r3h56lg9mq8pqqmrk869,0,2,2019-12-12T12:08:18.459331455Z,False,2
cosmosvalcons1nc2r2t949y7xqu7kz2q2r9cgt3n53kh6aluuac,0,2,2022-02-14T11:49:36.238754065Z,False,2
cosmosvalcons1nm55mwux7u3nwxft72gmpem8l5njnuq274qrz6,21844702,0,2024-08-24T13:16:37.165358191Z,False,0
cosmosvalcons1nlaveeu4jndxcshnlz9r07935qsaug769qjkst,10124977,22377,1970-01-01T00:00:00Z,False,6
cosmosvalcons15q7uz2xn3kctchcc4cv89uwt9c0agy2h524xk9,0,7156113,1970-01-01T00:00:00Z,False,0
cosmosvalcons152p8kw0kvu6wwpqw8f7uhf49ycf6ztnmkeffzu,56051,2,2019-12-17T00:48:05.492450639Z,False,2
cosmosvalcons150ruqntzp64rxam47qpm35yczkqkwce3yn6uzv,22443500,4777312,2022-12-14T16:59:00.326864181Z,False,81
cosmosvalcons153c3tsyls3h5daye7wqmxk69yujjqjv85ty9x3,22494621,510950,2024-10-03T07:03:21.150457528Z,False,1
cosmosvalcons15nca2560875stfx6vphg5yyrf9m9z8lheucgef,0,4594385,2024-01-29T15:51:39.862046519Z,False,1609
cosmosvalcons15kw0xv4f9sff8q3wn8kc0xtcqhk9mehmgd9uyj,10096338,21067,1970-01-01T00:00:00Z,False,1
cosmosvalcons156f4mpmmjamvgkuka6h9y62e5wu6t2c6ld3frz,0,9793887,2022-06-29T03:07:47.251036210Z,False,7
cosmosvalcons15lv7dkuv5hjx5cdvxc346nypshmm7ydyhzamnv,2116583,10916944,2022-06-23T05:33:03.846441322Z,False,36
cosmosvalcons14g64mm93hjmtdvjwmpajfyvv7vllry2f9s0t07,21876939,1658616,1970-01-01T00:00:00Z,False,8
cosmosvalcons14dam4pk8p9w4hv40jdee3f8ed9z6u9wrgx652q,19778978,3787825,2024-03-30T03:09:08.335921912Z,False,7
cosmosvalcons14whgq7ke76095z2vzmnm7r9leulx9rttuyurp0,229277,2,2021-02-22T08:04:55.803710225Z,False,2
cosmosvalcons1406kkp5gz4e06r5v70wlc2wc0yx0sm0q6cwg6e,18035092,5498421,1970-01-01T00:00:00Z,False,9
cosmosvalcons14sk4vptumprktehmuvvf0yynarjy4gv08t64t4,0,26935511,1970-01-01T00:00:00Z,False,1
cosmosvalcons14jy970hgreldqll8ktsxw3p6s40ej7apnt0rh7,0,2,2020-10-05T14:45:58.445912531Z,False,2
cosmosvalcons145uc87weflqgh4t0w0luuk59046rwpma6p69sj,14739358,8794155,1970-01-01T00:00:00Z,False,16
cosmosvalcons14c3x44wuv23y44t9gakekhktxv5ufp9fjrkq5m,8704502,13900,1970-01-01T00:00:00Z,False,0
cosmosvalcons14ezk4pd9cm2xlg6sc0kzmjcq6esnt83q8k8rp6,10130741,13390438,1970-01-01T00:00:00Z,False,0
cosmosvalcons14l38gadp4uq7fvtuwzwulx0ndxe4my5jfzd9ve,22719234,811403,2024-10-21T01:49:00.905115617Z,False,5
cosmosvalcons14l454efxpene4skhvh8meqx5rv6jm30g0mwrlj,0,50351,1970-01-01T00:00:00Z,False,0
cosmosvalcons1kq9xxgmn0uepav9c6kwxl4yh599kpyu28e7ee6,0,19307339,2023-05-20T04:16:45.210568728Z,False,0
cosmosvalcons1kq24y5kh8dlwkaxj4rxgzsuhue5hp2petveuva,0,16854297,2021-06-21T00:40:38.961569688Z,False,83
cosmosvalcons1kqt3tjnu69z7nq003rtx2prwx6fcy6pl6r7lj9,10096354,20641,1970-01-01T00:00:00Z,False,0
cosmosvalcons1kpm95tm0esga3tzxya06cpkaxh65y97pmqgmng,22338237,26927093,1970-01-01T00:00:00Z,False,85
cosmosvalcons1krznwrk5veqc0zqq55vwhqe4us4wsann2l58kd,0,2642768,1970-01-01T00:00:00Z,False,0
cosmosvalcons1kyt86pphmwwlp4fnac4vmeypqufehhfw8zucrv,0,21187935,1970-01-01T00:00:00Z,False,0
cosmosvalcons1kgekmjr2wjn0s4fd0a5x4syc8m6wpvxwp9kvln,5298581,12350796,1970-01-01T00:00:00Z,False,18
cosmosvalcons1kgmt9g366ut2nkxc26svhfmz7v34zhzl73rgp2,22678732,15873609,2024-10-18T18:33:55.269728547Z,False,7
cosmosvalcons1k2lk3t2va4h73ac64jkszqp5xm47qu5ll0s5aq,774257,13431924,2023-07-21T22:19:56.013045809Z,False,115
cosmosvalcons1kv2cr60l2ugy25cnwr3dfz2694h7mm8muyensh,4939601,18593558,1970-01-01T00:00:00Z,False,9
cosmosvalcons1kdzerkne4tgzzdf5ut53tagduhxmmujs4xx79v,0,2,2022-10-16T15:26:34.857536307Z,False,2
cosmosvalcons1kwvu4kaarawlh9t762gdypx9k8pn08jwej804k,21757937,1775576,1970-01-01T00:00:00Z,False,12
cosmosvalcons1k3q6dh8eqxfwjwdx2ct7a6kns07eytzl5qnxm6,16757038,6764983,1970-01-01T00:00:00Z,False,21
cosmosvalcons1k3pqx4yg67gp6awclxh07p8kfhmmu9swja85ws,17843636,5689877,1970-01-01T00:00:00Z,False,0
cosmosvalcons1k3vtym30kjnn9qrudqvx3yg6z2jgmrqr83qhy9,23430,2,2019-12-14T09:34:19.312712717Z,False,2
cosmosvalcons1kjvee4f4unxn9dvsh668qg98yn6qke09p5ngx5,0,0,2023-07-22T10:28:01.707666210Z,False,0
cosmosvalcons1kj56rgn5y2u8tdka3e4pa5easrus8mgmy7canj,830631,2,2021-02-20T03:10:04.334703123Z,False,2
cosmosvalcons1knxq8u4v5gky8hs76wz6zp96s6m5vfujw95wla,23334153,831095,2024-12-02T07:51:06.621006137Z,False,12
cosmosvalcons1knssshcun6asa2v5g5ktrwqjfw5fhmg686lfzr,0,26935511,1970-01-01T00:00:00Z,False,41
cosmosvalcons1k4p60h6g0q9wlm6e8gqre5rqkkfufe44q2mfsa,0,26532809,1970-01-01T00:00:00Z,False,1
cosmosvalcons1kkejqy0vqu2du2492rsgt29jqqm2zr5r2hlv3z,11652921,11880592,1970-01-01T00:00:00Z,False,22
cosmosvalcons1kcd2gxvsn9tr2j39ufkaaygrknq6f4w2nv6xm5,1576345,2,2021-03-16T00:13:46.269283512Z,False,2
cosmosvalcons1kmzapm47r2akvqu6jzuqsgxpp2wte22uamp7wy,0,2,2019-04-23T12:15:26.783252606Z,False,2
cosmosvalcons1kmtnvrp878wrdhvmlnerqda73vzy9ysfhmm90x,0,2,2021-02-19T08:14:49.467032067Z,False,2
cosmosvalcons1kujvm2nf53aepvvdp6nl6kcyd4fhmfj29ghyzm,857585,5451269,2020-02-22T00:13:41.116898617Z,False,4
cosmosvalcons1hzc9nr0s0a4zcjtdltxl3ejtskq380wmqqtr8w,0,323507,1970-01-01T00:00:00Z,False,0
cosmosvalcons1hrvuwye2g2eys46yx6kzqvq96cdn7k49c7dqd7,20007073,3526440,2024-04-13T12:00:13.561807531Z,False,1
cosmosvalcons1h9pkkpkjms5d99kfu776v5z958d3r68aqqrjkx,0,2,2019-12-15T23:21:55.800616539Z,False,2
cosmosvalcons1hxjcjnwuezfjvd2maswp92zqdjad8adrdwh4s6,23128274,70224,1970-01-01T00:00:00Z,False,13
cosmosvalcons1h8kwr4a5mkqws6px86364unjh8rlz2fd7gr73q,23497533,2531354,2024-12-13T19:38:57.672124020Z,False,0
cosmosvalcons1htpn7dq0xjth28cjfp50qj0v96ynptp0s0hclt,21345810,1608512,2024-07-18T06:59:59.819074512Z,False,1
cosmosvalcons1hd9ja0s2ft7cqm5payftnswawh5cmqvncj44fe,6919502,2,2021-07-15T03:45:44.484210159Z,False,2
cosmosvalcons1hd9lklns2makrf2wka2y9fkhayahyf4m0kf7z3,22740683,603877,1970-01-01T00:00:00Z,False,0
cosmosvalcons1hdwafrnxyx3pq0alktaf5h0gv83725edy3e6ak,12799333,10734180,1970-01-01T00:00:00Z,False,9
cosmosvalcons1hdmtccezcafn5lxd8tcupzw8kwt3lvqjqdtkfy,22456339,1077174,2024-10-03T07:02:28.127989690Z,False,102
cosmosvalcons1h0j4akdjustw9vmuzwa7a8xku7hrz3ck4nxh09,7639172,15886426,1970-01-01T00:00:00Z,False,0
cosmosvalcons1hs92z8ndlt3y9k09f2pma0dn5y3vtcyc0pw69p,20758966,2774547,2024-06-06T14:53:48.499166094Z,False,27
cosmosvalcons1h3ay33d02vduusd6uhzrqnf8fjk72up7h82dn4,0,2,2021-09-13T12:49:30.353290900Z,False,2
cosmosvalcons1hjpmcfz7s7p8f738vpcgree9dv5vkmep3guy6r,1957510,2,2021-02-21T00:10:39.912794534Z,False,2
cosmosvalcons1hnmyrqn0kyw3r56u0x5d6a8rq3cpww4cws7jzm,0,176681,1970-01-01T00:00:00Z,False,0
cosmosvalcons1hkcyvfv7klahfg5qzh33uexwa8cgqgvekug2dy,6942884,15858986,1970-01-01T00:00:00Z,False,4
cosmosvalcons1hc7gfnnedgqfxdpeu0fjzl2f6e7w7ea0vjxyzm,10096338,22,1970-01-01T00:00:00Z,False,0
cosmosvalcons1haxtf4var829rn6700zfxjwlf23z94utgygkd7,0,17444373,1970-01-01T00:00:00Z,False,0
cosmosvalcons1hlhkut23m374uqwjrl95shtv8h59kvmsvexmff,10107432,1776124,1970-01-01T00:00:00Z,False,10
cosmosvalcons1hllsknxwjfaglmmpar38mncnnjrt7vt8s7sjzz,237590,2,2020-02-01T19:33:57.538795796Z,False,2
cosmosvalcons1cpd299h2lkksgmmjkyzr3mzn75dsm3g2asvfgn,16381504,7152009,1970-01-01T00:00:00Z,False,0
cosmosvalcons1cg6kvg45j4e9jcd4kgq68qka2lxnxp0vddkz6t,23475667,1668011,2024-12-12T03:25:57.164329409Z,False,4
cosmosvalcons1ctwajuqv7h0vq3tacs3c9xe3a28af7w5cpvj7z,0,26382556,1970-01-01T00:00:00Z,False,1
cosmosvalcons1cjgry2deat2pt3u737nf62a6vytkzlzpglpxkc,22443500,0,2024-10-04T14:28:58.481395689Z,False,0
cosmosvalcons1cnmzzr9hwtqtxllc2gz50mpxhm7mzxfme53nnx,19936471,3601178,1970-01-01T00:00:00Z,False,6
cosmosvalcons1c5snskvlrvgg3aqr88afvt06wuprd6m6uvdz7q,0,2,2021-02-24T08:56:14.805556325Z,False,2
cosmosvalcons1c54vmveq2l6uwvdmm4yyvzuncdgqm5eylrg0af,0,26929889,1970-01-01T00:00:00Z,False,17
cosmosvalcons1c5e86exd7jsyhcfqdejltdsagjfrvv8xv22368,9151882,13480567,2022-04-09T08:06:22.844369835Z,False,0
cosmosvalcons1chcxhwwflgdfts5mm2xrp4wuwgg27gtxrepsxr,22443500,4352304,2021-09-23T04:59:12.600776874Z,False,121
cosmosvalcons1c6h3aw8fjyzprulrasaq024jfxq95j24hh4g84,453070,2,2021-09-13T04:10:01.486504724Z,False,2
cosmosvalcons1cmq4v8m86aa63pn0ctqvmmrqqj4x444pyk7244,0,2,2019-04-21T11:36:26.479339761Z,False,2
cosmosvalcons1cmvdd4xa9fqa95d48xppjegelgc5ul957wj2zt,0,1416,1970-01-01T00:00:00Z,False,1416
cosmosvalcons1cl92j56u5cj6kpz8cvrewhgj2gupqu269egr5a,14613282,8872368,1970-01-01T00:00:00Z,False,5
cosmosvalcons1clmysm7g5d5t8hm6q696g4lw6hzexhpl779kwh,7639124,2,2021-09-13T12:51:58.088310359Z,False,2
cosmosvalcons1efnfda07v6jgp0epgcp3n05hnycg2twspd2nej,0,7018025,1970-01-01T00:00:00Z,False,0
cosmosvalcons1evelsgtuq72jajsc757pl6hez053gvfhu2mjty,20377673,13425742,2024-05-10T19:42:13.038015034Z,False,0
cosmosvalcons1eszcs2tcl30a66nhy958u9xq9xdwqp9c65dnm6,0,16849347,2023-08-02T22:33:16.744196082Z,False,0
cosmosvalcons1e3wwysvd4pw834lcnlk24vydmn33fsxvwnffjp,5386801,12269036,1970-01-01T00:00:00Z,False,38
cosmosvalcons1ejrl266cvgvprc4453ln33skdc54ecmwjdyr4d,1409,23532103,1970-01-01T00:00:00Z,False,9
cosmosvalcons1ekmua5s54mkhahv3etzlduqxhc8twarzj2aqgr,5210292,2,2021-12-24T07:01:04.121939777Z,False,2
cosmosvalcons1eemgqv7hylr29zvq4mmnwtgjgvnusy9g4nlklf,22513662,4794,2024-10-03T07:03:21.150457528Z,False,0
cosmosvalcons1ee74zlp5nwve3j7wdhasxcvmv4zh7q9rdtr73w,12119378,0,2023-07-23T01:19:47.632648918Z,False,0
cosmosvalcons1e6udks5xqcdnygyax032man4dtxa0cq9kp5xkv,0,2,2019-12-25T20:08:59.089667372Z,False,2
cosmosvalcons16zkvwgzdwy70l8a5f8ed2tq9ghw8cylftd5wlr,10841747,12691766,1970-01-01T00:00:00Z,False,15
cosmosvalcons16zea2upy3x5l0hsex0h2rnz7hg33n53sfr0g20,12605235,2,2022-12-30T15:01:40.270801964Z,False,2
cosmosvalcons16y5szs5eg203nhsh56l0teem8thv5e3wpxzh9v,0,2,2019-12-12T12:08:18.459331455Z,False,2
cosmosvalcons16999gt582mp6jskelky88hpwnfme3gtlaaat0s,0,26935511,1970-01-01T00:00:00Z,False,0
cosmosvalcons1683pm2963unfcg6cryv0d7ztjyh9qc44pt6w84,7639124,2,2021-09-13T12:51:58.088310359Z,False,2
cosmosvalcons16f56s8rhg8693scakla3f3vpwepplvhc6uc0qs,3730059,12986401,2023-08-07T08:44:30.967893042Z,False,161
cosmosvalcons16t2937fqnm9ceg42k8veupnprwqj4puhwm6yyv,22964212,569301,2024-11-07T07:37:24.022252677Z,False,5
cosmosvalcons16tnak7apushwznnd3wtku8gm0rt3xytz6ut006,16167578,5286,9999-12-31T23:59:59Z,True,3
cosmosvalcons16de7lp72py6a02smltu8wqej4pd5kqjjfara0l,23290449,777111,2024-11-29T16:54:27.592872766Z,False,166
cosmosvalcons16w7zdvdfmmyd26c28w8v6gc3pmzv63d823y70l,9555137,6935553,1970-01-01T00:00:00Z,False,0
cosmosvalcons160dhr9e39ntq5u0zjxnx6sctyrge0n6pnpj5uy,0,2,2019-12-12T12:08:18.459331455Z,False,2
cosmosvalcons160afge0dj6ms096h94xcxeutcf5e2cxp8eu4gp,7638,2,2021-02-25T04:27:15.457463279Z,False,2
cosmosvalcons16nqlu66cq0wgzjrtkwrs5d0fzyclzsvkp5fzja,16691424,4590033,2024-01-05T19:24:49.238934664Z,False,14
cosmosvalcons16nrr9ygnfgj6kls27s7qsqung8tnxuemxj6knc,0,99678,1970-01-01T00:00:00Z,False,0
cosmosvalcons164q2kq3q3psj436t9p7swmdlh39rw73wpy6qx6,0,7881633,2023-06-09T15:27:28.502349718Z,False,21
cosmosvalcons16hkujdp3fjymgk2jvg8fexftrhysrpzzzmrweg,20619451,15296201,2024-05-27T16:20:44.287571378Z,False,112
cosmosvalcons16ewmqng3alzrt6ak62tgtr9da075gnpcchp0tp,22556929,4671104,1970-01-01T00:00:00Z,False,2
cosmosvalcons16emwtzn5dqdlfx04tdvg35aajch347yue4e05y,5368860,2,2021-09-13T11:49:38.154057693Z,False,2
cosmosvalcons1668wcrfwsfy0rmryek6ctmdkrm9yx27c7grulf,10971176,12562338,1970-01-01T00:00:00Z,False,6
cosmosvalcons16lmu09y8cy99eudtavwmmq0g6jt403pz97zaxp,22375582,24033580,1970-01-01T00:00:00Z,False,0
cosmosvalcons1mqppd3f82cl3enskdsx7efajx3pt9l345efuh6,0,2,2019-12-13T03:53:00.444220430Z,False,2
cosmosvalcons1mrctah5360lymkp8vx2fn6a9emx8dl3p030s8e,699528,2,2020-07-03T05:19:12.535497793Z,False,2
cosmosvalcons1m8u2gxmc92n2v6kus8u48y3u0h88kcqp69cr3a,0,26935512,1970-01-01T00:00:00Z,False,16
cosmosvalcons1mf42422ee8hc3gltx7clzp7tyen7hw4t3vnmw0,0,26935512,1970-01-01T00:00:00Z,False,2
cosmosvalcons1mfmv53dam2zcxxc4jynpj7vlm7mjxkmkyr4tea,0,517393,1970-01-01T00:00:00Z,False,0
cosmosvalcons1mvyngdapgnaxh3fx25zp4el2hpuglall87m4fx,560001,226305,1970-01-01T00:00:00Z,False,8
cosmosvalcons1m06z2yhft44rns6etpke8vc4yvlysq4hs8n7um,10106499,730966,1970-01-01T00:00:00Z,False,8
cosmosvalcons1m3x73kzmyd4k2jnfvhw43my8rnwvq7n42ch993,7639124,2413,2021-09-15T13:16:07.692907356Z,False,2413
cosmosvalcons1m6sskxgpngfmzlg6h89wzuepekhrkpy8zf33lz,22443500,0,2024-10-03T07:52:48.032320425Z,False,0
cosmosvalcons1m6j8xpml3jl5cz685cayejkj2nmt46wjqjp0su,18038912,210994,1970-01-01T00:00:00Z,False,40
cosmosvalcons1mulc0daf2tha35hklq6zguu0lr6swes7ps06cf,7639124,2,2021-09-13T12:51:58.088310359Z,False,2
cosmosvalcons1ma0c02mqjstxm6uw97nldw4g8m8gn2da97pws2,1357109,2647,1970-01-01T00:00:00Z,False,2647
cosmosvalcons1mamecac2jegwfuqwqdtjh6a2vm7wnsg4ylg0r5,22894880,638634,1970-01-01T00:00:00Z,False,0
cosmosvalcons1m7fg8k39k2tyym5hgwrpf5wx9hqsr8vywuyrtm,10096341,13397627,1970-01-01T00:00:00Z,False,0
cosmosvalcons1upc05nc9pwhhagnkr3f2dft327qxsxfeyvajsu,6042315,17491199,1970-01-01T00:00:00Z,False,1
cosmosvalcons1uzsjv5jee6w83amtyyvksp83k22xmvn27n8g38,23340615,2775582,1970-01-01T00:00:00Z,False,485
cosmosvalcons1uv2n8wp2cea2z7ytwz7haxzma78py54p5akk8j,11091761,12441753,1970-01-01T00:00:00Z,False,0
cosmosvalcons1udthn8ykrjch9z6sz9ugnjsmucrwxzsjdwflh2,0,37078,1970-01-01T00:00:00Z,False,0
cosmosvalcons1unv52ve2rxzhlps6f3n0gar5anmpq8a7gppr7g,0,610682,1970-01-01T00:00:00Z,False,0
cosmosvalcons1u5rl7nd2g5j9x5hthng57wpzrp8dkanxkzyxzx,23335773,0,1970-01-01T00:00:00Z,False,0
cosmosvalcons1uh9qzjzflvllwv8z7a795vdyvuvr4eatsmzgg6,23529435,1321705,1970-01-01T00:00:00Z,False,7
cosmosvalcons1u63cqxfxh30cxasuft0csf3l3qv4lh2mm4c3rk,1720448,528401,2020-07-13T08:02:09.152555590Z,False,0
cosmosvalcons1uuh6seum8pxjnsth8yuh3j5v50px6lglaafeq4,263943,394,1970-01-01T00:00:00Z,False,394
cosmosvalcons1aqq8grrgeqdnqdzu8t3t5cu054hlvlh062nhqx,0,25220712,1970-01-01T00:00:00Z,False,15
cosmosvalcons1aq0hzzv9mejakjrx38c67s9gekpjymdkssvdk9,0,2,2019-12-14T19:26:32.564933910Z,False,2
cosmosvalcons1aqalcsmd9n5dej0vqkym9edhxh3hlwzujn0tn7,887255,2225307,2023-09-09T13:24:49.396842105Z,False,0
cosmosvalcons1afz4qgt6kas24lskee3vm7qned6re2a62p4pqp,23058179,458271,1970-01-01T00:00:00Z,False,9
cosmosvalcons1afszwt65n8x7gcx0dgu653wxqc82296zq2yeal,7639124,2,2021-09-13T12:51:58.088310359Z,False,2
cosmosvalcons1avwlyfg8k7wwwq8cd3xgky7hmuqalk5ud6acax,22742747,0,2024-10-03T22:46:43.948939004Z,False,0
cosmosvalcons1av3nf6w75qhcqzvvu3lry94d3mgs587d23sj5f,18390407,0,2023-12-23T05:02:12.822573384Z,False,0
cosmosvalcons1awpa0lh8v6ldda9rgedjcwx3njyscgjws8545z,0,347607,1970-01-01T00:00:00Z,False,3
cosmosvalcons1awlfmjr5nvc6x438nd7hmx6my2yqmyxnakf9uy,219276,2,2019-12-30T06:48:34.310142614Z,False,2
cosmosvalcons1a0kkjnnvuy3ylv0g5twcae368ptgk83tyalw6t,22612896,920618,2024-10-14T00:46:42.227012621Z,False,11
cosmosvalcons1asz9cu9kygt5v6ahavytl605pr8mzhvspndymk,0,172926,2019-04-11T11:32:54.452479420Z,False,0
cosmosvalcons1a5y5d3c24krcv0w4g8yc9w85vs04j0xmt0j05p,16500582,1428261,1970-01-01T00:00:00Z,False,342
cosmosvalcons1a4gfu7qf0cfsd2glah5wskm46p4amahrjvtw2p,0,23829308,1970-01-01T00:00:00Z,False,2
cosmosvalcons1ahtwxcvx3dvppzx3q43yr5hegx59fh7htm4r4u,5239885,9497,2021-02-22T14:49:03.075112793Z,False,9497
cosmosvalcons1acpxknv87l29uhppefe6rxx285cc3zuyhupu6a,0,2,2019-12-12T12:08:18.459331455Z,False,2
cosmosvalcons1aerz0wetya2dr2gfep5rzvcj8jp85heaju9wyg,0,2,2021-02-26T00:25:13.852871911Z,False,2
cosmosvalcons1aee6r9636kx9aszycy0rldawdpdpp5kpdm0yux,23055318,478196,2024-11-11T11:16:55.873695942Z,False,986
cosmosvalcons17r7jkmvazl7tlgjaky5q6jgdxepjgawj8xgqfs,19004,2,2019-12-14T01:00:54.782079710Z,False,2
cosmosvalcons17964k9xs7dv8guv9jd0cyr7qd0nq9dgl65ufj9,0,4350,1970-01-01T00:00:00Z,False,4350
cosmosvalcons178uaw6g4t55mhs5efnmrrsdpsgen39rl3s97vc,8704502,6927,1970-01-01T00:00:00Z,False,6927
cosmosvalcons17f5247ynz8rw472hka7a5qemsj2dz78dm4nvyq,0,2,2021-02-22T15:23:25.637592082Z,False,2
cosmosvalcons1724wu4exhl320du57rwyznekgjs4n37ffk7m4k,23142592,1992718,2024-11-18T03:53:06.207927386Z,False,2
cosmosvalcons17tx4g9sa36zk03q2e3svqnjwervpgnfudngaqm,5251672,2,2021-02-23T14:09:28.232794376Z,False,2
cosmosvalcons17n9tgyx724nakgpm64kxjnah34yzg7dp63zp5e,0,2,2021-03-21T09:12:05.501837387Z,False,2
cosmosvalcons174t3gfpaxtaktdketg5aqdgw5r9th282zhjnqk,0,11517378,2020-02-29T06:43:36.130547135Z,False,2
cosmosvalcons17ktnf2yk5a5fgd4uxs3zgn7cv2hp38zuw8j35e,19752694,22105197,2024-03-28T03:24:36.634543016Z,False,123
cosmosvalcons17m9qk9xe345ar74pkx0z2rgrhmmam92pfsllsf,3406128,2,2021-08-23T22:33:24.324613127Z,False,2
cosmosvalcons17m7kxedvc5uzk6kk2ekd99ceqjm47l3y355lug,20598346,12915341,2024-05-26T15:49:32.329319928Z,False,5
cosmosvalcons17lnejmvgy86cdmauz5gp688qctpxuw07sw8z5q,1,2,2019-12-13T05:50:24.513254493Z,False,2
cosmosvalcons1lqqg8vvrcsqejfw89d05stezg6kz6su5a0ys2f,2236957,9822747,1970-01-01T00:00:00Z,False,124
cosmosvalcons1lrqpcp5p2792wqxhxmt8tjveypjlvh378gkddu,675930,10671725,1970-01-01T00:00:00Z,False,26
cosmosvalcons1lrjsx2uc6hfjgshrykmfwz6rfa6juyf7gszn2c,23317711,215803,2024-12-01T03:14:55.198964907Z,False,6
cosmosvalcons1lyveqfcfkayz7qwqxr5t27le8wxcwppmjn39zm,0,2,2023-02-22T23:42:11.193331592Z,False,2
cosmosvalcons1l9zfdya7fq55anllgl66lv7rrswl4vcnmz5h74,9437872,2322424,2023-12-09T02:46:55.135839787Z,False,0
cosmosvalcons1lxqz3934hapkqf7m8fdwq6stnemh3qvuljn49z,18873354,3821506,1970-01-01T00:00:00Z,False,5
cosmosvalcons1lx84lwycd5jm0dhad986xvvs447nsrwm28u8rq,0,2,2019-08-30T00:56:45.136226556Z,False,2
cosmosvalcons1l8evmgmgjwhzkece7rxqat4tpkxztw2v5x0ntq,18096,2,2019-12-13T23:15:38.548986017Z,False,2
cosmosvalcons1lg89m7kvmnm5j4a8gg2yle2mucw5xvmhtyqp6f,0,1287609,9999-12-31T23:59:59Z,True,0
cosmosvalcons1lth4cv5tkn2fc5yuy4xx6rj7wvzrpxkkqg3my5,12259172,11274342,1970-01-01T00:00:00Z,False,20
cosmosvalcons1ld8myknpkjf6t0uw8n2tt684kszd4r3rwy98d2,11436666,12096848,1970-01-01T00:00:00Z,False,21
cosmosvalcons1ldkjp8wlaj2f2vlv65mq4rc97rd4s9v7hhyt37,18037585,5388846,1970-01-01T00:00:00Z,False,7
cosmosvalcons1lntpwz5l3lc8gqzy8anvp8alxlkprdawv9dlhv,23497194,1420941,1970-01-01T00:00:00Z,False,896
cosmosvalcons1l5sl280pl005sgfwlvymqapqxnhzsaxmc87wt8,0,2,2019-12-14T11:58:00.591855986Z,False,2
cosmosvalcons1l4w4fcxeu3mgl6jvphlaez06j6mx2lej9yhszt,0,15748258,2021-09-24T15:24:53.422138349Z,False,414
cosmosvalcons1lh6kn9z5lyazsc2m5anhc4h9vtul7686uzcqxs,10617893,2127369,1970-01-01T00:00:00Z,False,9
cosmosvalcons1lu92p9qzj9gppuv3k0l5g5y75evuw39hpzugtw,5267024,2,2021-02-24T20:30:24.614755061Z,False,2
cosmosvalcons1l7pavqz4gkswt8qve3y7cqz59h54frlgytgq6y,5354927,16874,1970-01-01T00:00:00Z,False,0
